"","yhat","rstd","sresd","resid","cooks","lev","cvr","dfit","(Intercept)","savings.sqrt.inv","incomesq","address25","employedsq","statsingle","incomesq:employedsq","address25:statsingle","employedsq:statsingle"
"1",5.969,0.491,0.492,function (object, ...) 
UseMethod("residuals"),0.001,0.024,1.039,0.078,0.048,0.03,0.012,-0.054,-0.017,-0.053,0.001,0.046,0.017
"2",6.434,1.056,1.055,function (object, ...) 
UseMethod("residuals"),0.003,0.022,1.02,0.158,0.133,0.006,-0.05,-0.12,-0.015,-0.121,-0.003,0.104,0.016
"3",5.721,0.119,0.119,function (object, ...) 
UseMethod("residuals"),0,0.006,1.025,0.009,0.001,-0.001,-0.002,0,0,-0.003,0.001,0.003,-0.001
"4",5.985,2.083,2.076,function (object, ...) 
UseMethod("residuals"),0.002,0.004,0.945,0.139,0.002,0.009,-0.016,-0.003,-0.003,0.041,0.005,-0.03,-0.033
"5",6.629,-0.568,-0.568,function (object, ...) 
UseMethod("residuals"),0,0.011,1.024,-0.059,-0.01,0.04,0.007,-0.004,0,0.009,0.002,-0.013,0.004
"6",5.244,0.813,0.813,function (object, ...) 
UseMethod("residuals"),0,0.006,1.012,0.061,-0.006,0.037,-0.008,-0.005,-0.004,0.002,0.007,0.002,-0.01
"7",6.017,-1.086,-1.086,function (object, ...) 
UseMethod("residuals"),0.001,0.004,1.001,-0.069,0.002,0.01,-0.014,-0.003,-0.004,0.001,0.006,-0.01,0.015
"8",5.038,0.899,0.899,function (object, ...) 
UseMethod("residuals"),0.001,0.016,1.02,0.115,-0.029,0.031,-0.034,0.046,-0.035,0.021,0.02,-0.041,0.029
"9",6.988,-0.606,-0.607,function (object, ...) 
UseMethod("residuals"),0,0.009,1.021,-0.057,-0.011,0.04,0.011,-0.003,0,-0.015,0.002,0.012,0.007
"10",5.466,-0.254,-0.254,function (object, ...) 
UseMethod("residuals"),0,0.013,1.03,-0.029,-0.011,-0.011,0.008,0.01,0.002,0.013,0,-0.009,-0.002
"11",5.66,0.059,0.059,function (object, ...) 
UseMethod("residuals"),0,0.018,1.037,0.008,-0.004,-0.001,0,0.005,-0.001,0.004,0,-0.005,0.001
"12",7.422,-0.206,-0.206,function (object, ...) 
UseMethod("residuals"),0,0.018,1.036,-0.028,0.002,0.011,-0.018,-0.004,-0.003,-0.01,0.005,0.008,0.004
"13",6.298,0.366,0.366,function (object, ...) 
UseMethod("residuals"),0,0.008,1.025,0.034,-0.006,-0.004,0.025,0.004,0.007,0.005,-0.01,-0.001,-0.009
"14",5.183,2.102,2.094,function (object, ...) 
UseMethod("residuals"),0.003,0.006,0.945,0.16,-0.014,0.094,-0.022,-0.013,-0.01,-0.008,0.018,0.021,-0.024
"15",6.722,0.14,0.14,function (object, ...) 
UseMethod("residuals"),0,0.006,1.025,0.011,0.002,-0.007,-0.002,0.001,0,0.003,0,-0.002,-0.002
"16",7.614,0.274,0.274,function (object, ...) 
UseMethod("residuals"),0,0.016,1.034,0.035,0.008,-0.029,-0.006,0.002,0,0.009,-0.002,-0.008,-0.003
"17",6.551,-0.949,-0.949,function (object, ...) 
UseMethod("residuals"),0.001,0.012,1.014,-0.105,-0.006,0.017,0.009,-0.001,-0.015,-0.025,0.021,0.024,-0.03
"18",7.353,-0.169,-0.169,function (object, ...) 
UseMethod("residuals"),0,0.018,1.037,-0.023,-0.003,0.012,0.003,-0.001,0,-0.009,0.001,0.009,0.004
"19",7.792,-0.945,-0.946,function (object, ...) 
UseMethod("residuals"),0.017,0.149,1.178,-0.396,0.1,0.001,-0.386,-0.051,-0.095,-0.088,0.123,0.056,0.075
"20",5.27,-0.464,-0.464,function (object, ...) 
UseMethod("residuals"),0,0.016,1.031,-0.058,0.013,-0.02,0,-0.012,-0.032,-0.006,0.018,0.012,0.026
"21",6.209,0.995,0.995,function (object, ...) 
UseMethod("residuals"),0,0.004,1.004,0.064,0.01,-0.025,-0.02,0,-0.004,0.006,0.003,-0.001,-0.012
"22",5.174,0.69,0.691,function (object, ...) 
UseMethod("residuals"),0,0.006,1.016,0.053,-0.007,0.031,0.001,-0.003,-0.001,-0.005,0.003,0.01,-0.008
"23",6.519,-0.445,-0.445,function (object, ...) 
UseMethod("residuals"),0.001,0.038,1.054,-0.088,0.037,0.044,0.007,-0.066,0.006,-0.046,0.002,0.057,-0.007
"24",5.257,-0.359,-0.359,function (object, ...) 
UseMethod("residuals"),0,0.006,1.022,-0.027,0.003,-0.016,0.002,0.002,0.001,-0.001,-0.003,-0.001,0.005
"25",5.175,0.96,0.96,function (object, ...) 
UseMethod("residuals"),0.001,0.006,1.007,0.074,-0.011,0.044,0.005,-0.004,-0.001,-0.006,0.003,0.013,-0.013
"26",7.127,0.158,0.159,function (object, ...) 
UseMethod("residuals"),0,0.01,1.028,0.016,0.004,-0.013,-0.004,0.001,0,0.003,-0.001,-0.002,0
"27",5.996,-2.509,-2.495,function (object, ...) 
UseMethod("residuals"),0.013,0.018,0.925,-0.343,-0.243,-0.069,0.104,0.217,0.126,0.235,-0.054,-0.187,-0.109
"28",6.668,-0.746,-0.746,function (object, ...) 
UseMethod("residuals"),0,0.007,1.015,-0.062,-0.014,0.044,0.016,-0.003,0.001,-0.003,0.001,-0.001,0.007
"29",6.708,0.86,0.861,function (object, ...) 
UseMethod("residuals"),0.001,0.007,1.012,0.074,0.013,-0.04,-0.016,0.002,-0.002,0.022,0,-0.018,-0.014
"30",6.149,-0.482,-0.482,function (object, ...) 
UseMethod("residuals"),0,0.004,1.019,-0.032,-0.003,0.005,0.009,0.001,0.002,-0.008,-0.002,0.006,0.006
"31",5.892,-0.439,-0.439,function (object, ...) 
UseMethod("residuals"),0,0.005,1.02,-0.031,0.002,-0.007,-0.004,0,-0.001,-0.01,0.001,0.007,0.008
"32",5.95,0.52,0.521,function (object, ...) 
UseMethod("residuals"),0,0.004,1.018,0.033,0.002,-0.002,-0.006,-0.001,0.004,-0.001,-0.005,0.003,0.007
"33",6.759,-0.078,-0.078,function (object, ...) 
UseMethod("residuals"),0,0.017,1.036,-0.01,-0.001,0.006,0.003,-0.002,-0.003,-0.001,0.003,0.002,0.002
"34",5.751,-0.852,-0.852,function (object, ...) 
UseMethod("residuals"),0.009,0.098,1.115,-0.281,-0.012,-0.044,-0.029,0.04,-0.25,0.023,0.146,-0.033,0.205
"35",5.772,-0.288,-0.288,function (object, ...) 
UseMethod("residuals"),0,0.004,1.021,-0.017,0,-0.003,0.002,0.001,0.001,-0.002,-0.001,0.001,0.004
"36",6.208,-0.861,-0.861,function (object, ...) 
UseMethod("residuals"),0.001,0.011,1.016,-0.09,-0.025,0.019,0.031,-0.003,0.032,0.016,-0.011,0.002,-0.029
"37",7.73,-1.524,-1.522,function (object, ...) 
UseMethod("residuals"),0.005,0.02,0.996,-0.217,-0.053,0.183,0.057,-0.013,0.001,-0.047,0.009,0.043,0.013
"38",5.651,-1.032,-1.032,function (object, ...) 
UseMethod("residuals"),0.001,0.011,1.01,-0.107,0.027,-0.053,-0.061,-0.002,-0.015,-0.035,0.017,0.025,0.029
"39",5.536,-1.289,-1.288,function (object, ...) 
UseMethod("residuals"),0.001,0.005,0.993,-0.096,0.007,-0.048,0.013,0.007,-0.005,-0.019,0.004,0.014,0
"40",8.032,-0.619,-0.619,function (object, ...) 
UseMethod("residuals"),0.011,0.205,1.272,-0.314,-0.019,-0.032,0.038,0.035,0.001,0.025,-0.201,-0.031,0.059
"41",6.343,-0.218,-0.218,function (object, ...) 
UseMethod("residuals"),0,0.011,1.029,-0.023,-0.01,0,-0.004,0.007,0.006,0.01,0.001,-0.006,-0.006
"42",4.562,1.029,1.029,function (object, ...) 
UseMethod("residuals"),0.008,0.063,1.066,0.266,-0.216,0.009,0.017,0.247,0.037,0.195,-0.019,-0.217,-0.031
"43",6.865,-0.736,-0.736,function (object, ...) 
UseMethod("residuals"),0,0.006,1.015,-0.057,-0.005,0.031,-0.006,-0.004,0.001,-0.019,0,0.016,-0.001
"44",5.243,-0.042,-0.042,function (object, ...) 
UseMethod("residuals"),0,0.021,1.041,-0.006,0,-0.001,-0.001,0,0,0.002,0,-0.003,-0.001
"45",5.203,-1.545,-1.543,function (object, ...) 
UseMethod("residuals"),0.002,0.006,0.981,-0.117,0.018,-0.071,-0.012,0.006,0,0.009,-0.004,-0.021,0.016
"46",5.269,0.78,0.78,function (object, ...) 
UseMethod("residuals"),0,0.005,1.012,0.056,-0.008,0.036,0.002,-0.004,0,0,0.003,0.005,-0.005
"47",5.862,-0.828,-0.828,function (object, ...) 
UseMethod("residuals"),0.002,0.023,1.03,-0.127,-0.089,-0.044,0.018,0.09,0.039,0.092,-0.014,-0.078,-0.035
"48",6.245,0.667,0.668,function (object, ...) 
UseMethod("residuals"),0,0.005,1.015,0.047,0.006,-0.017,-0.01,0.001,0.006,-0.002,-0.009,0.004,0.01
"49",7.662,0.26,0.26,function (object, ...) 
UseMethod("residuals"),0,0.025,1.044,0.042,0.022,-0.014,0.02,-0.016,-0.003,-0.018,-0.008,0.015,0.006
"50",5.931,0.102,0.102,function (object, ...) 
UseMethod("residuals"),0,0.02,1.039,0.014,-0.005,-0.004,-0.003,0.009,-0.002,0.006,0,-0.008,0.002
"51",6.061,-0.628,-0.628,function (object, ...) 
UseMethod("residuals"),0.001,0.032,1.045,-0.114,0.06,0.038,-0.001,-0.091,0.01,-0.065,0.002,0.079,-0.011
"52",6.552,1.082,1.081,function (object, ...) 
UseMethod("residuals"),0.003,0.022,1.019,0.161,0.095,0.016,-0.01,-0.096,0.064,-0.091,-0.024,0.083,-0.057
"53",6.094,-0.371,-0.371,function (object, ...) 
UseMethod("residuals"),0,0.004,1.02,-0.023,-0.002,0.004,0.006,0,0.001,-0.005,-0.001,0.003,0.005
"54",5.552,-0.068,-0.068,function (object, ...) 
UseMethod("residuals"),0,0.019,1.038,-0.009,0,-0.001,0,0,-0.002,0.002,0.002,-0.002,-0.003
"55",6.472,0.09,0.09,function (object, ...) 
UseMethod("residuals"),0,0.005,1.024,0.007,0.001,-0.004,-0.002,0,0,0.001,0,0,-0.001
"56",5.103,-0.716,-0.716,function (object, ...) 
UseMethod("residuals"),0,0.007,1.016,-0.058,0.006,-0.031,0.004,0.004,0.003,0.01,-0.005,-0.015,0.008
"57",5.379,1.521,1.519,function (object, ...) 
UseMethod("residuals"),0.004,0.015,0.991,0.186,-0.042,0.016,-0.057,0.082,-0.056,0.038,0.029,-0.073,0.048
"58",6.87,-0.412,-0.413,function (object, ...) 
UseMethod("residuals"),0,0.014,1.03,-0.049,-0.002,0.009,0.002,-0.001,0,-0.019,0.001,0.019,-0.008
"59",6.625,0.907,0.907,function (object, ...) 
UseMethod("residuals"),0.003,0.027,1.031,0.152,0.131,0.016,-0.018,-0.126,-0.031,-0.124,0.008,0.11,0.029
"60",5.435,1.833,1.828,function (object, ...) 
UseMethod("residuals"),0.002,0.004,0.962,0.119,-0.008,0.056,-0.016,-0.008,-0.005,0.001,0.01,0.01,-0.018
"61",5.004,-0.291,-0.292,function (object, ...) 
UseMethod("residuals"),0,0.012,1.029,-0.032,0.005,-0.013,-0.008,0,-0.002,0.008,0.001,-0.011,0.004
"62",6.614,-1.755,-1.751,function (object, ...) 
UseMethod("residuals"),0.005,0.014,0.976,-0.208,-0.015,0.061,0.007,-0.006,0.014,0.026,-0.016,-0.028,-0.111
"63",5.523,-0.064,-0.064,function (object, ...) 
UseMethod("residuals"),0,0.008,1.027,-0.006,0.001,-0.003,0,0,0,-0.001,0,0,-0.002
"64",6.612,-0.674,-0.675,function (object, ...) 
UseMethod("residuals"),0,0.006,1.016,-0.051,-0.011,0.035,0.014,-0.002,0,-0.004,0.002,0.001,0.002
"65",6.247,0.147,0.147,function (object, ...) 
UseMethod("residuals"),0,0.004,1.022,0.009,0.001,-0.002,-0.002,0,0,0.003,0,-0.002,0
"66",6.36,0.407,0.408,function (object, ...) 
UseMethod("residuals"),0,0.016,1.032,0.051,-0.008,-0.021,-0.005,0.026,-0.011,0.013,0.001,-0.022,0.011
"67",6.373,1.23,1.229,function (object, ...) 
UseMethod("residuals"),0.005,0.029,1.02,0.213,-0.045,0.073,0.115,0.007,-0.012,0.09,0.02,-0.079,-0.004
"68",4.916,1.05,1.05,function (object, ...) 
UseMethod("residuals"),0.001,0.011,1.01,0.113,-0.005,0.042,-0.014,-0.007,-0.006,-0.037,0.011,0.044,-0.006
"69",5.572,-2.421,-2.409,function (object, ...) 
UseMethod("residuals"),0.005,0.008,0.923,-0.217,0.046,-0.13,-0.074,0.005,-0.004,-0.066,-0.002,0.049,0.027
"70",5.838,-0.103,-0.103,function (object, ...) 
UseMethod("residuals"),0,0.019,1.038,-0.014,0.005,0.003,0.003,-0.009,0.003,-0.006,-0.001,0.008,-0.003
"71",6.426,0.204,0.204,function (object, ...) 
UseMethod("residuals"),0,0.006,1.024,0.016,0.003,-0.009,-0.005,0,-0.001,0,0.001,0.001,-0.002
"72",6.797,-0.296,-0.296,function (object, ...) 
UseMethod("residuals"),0,0.037,1.056,-0.058,-0.018,-0.018,-0.011,0.024,0.015,0.023,-0.033,-0.021,-0.005
"73",6.252,-0.414,-0.415,function (object, ...) 
UseMethod("residuals"),0,0.006,1.022,-0.033,-0.006,0.017,0.009,-0.001,0,0.005,0,-0.007,0.001
"74",5.242,0.443,0.443,function (object, ...) 
UseMethod("residuals"),0,0.006,1.021,0.034,-0.007,0.022,0.008,-0.001,0.001,0,0,0.003,-0.007
"75",5.155,-0.784,-0.784,function (object, ...) 
UseMethod("residuals"),0.001,0.014,1.021,-0.092,0.011,-0.03,0.025,-0.023,0.029,-0.004,-0.015,0.021,-0.025
"76",4.92,0.529,0.529,function (object, ...) 
UseMethod("residuals"),0.001,0.02,1.034,0.076,-0.032,0.016,-0.018,0.044,-0.018,0.027,0.01,-0.039,0.015
"77",6.539,-1.261,-1.261,function (object, ...) 
UseMethod("residuals"),0.003,0.016,1.005,-0.161,-0.094,-0.016,-0.048,0.088,0.033,0.094,0.009,-0.077,-0.035
"78",6.556,0.25,0.25,function (object, ...) 
UseMethod("residuals"),0,0.007,1.025,0.022,0.004,-0.015,-0.006,0.001,-0.001,-0.001,0,0.002,-0.003
"79",5.794,1.228,1.227,function (object, ...) 
UseMethod("residuals"),0.001,0.007,0.997,0.101,-0.021,0.021,0.065,0.006,0.017,0.005,-0.022,0.008,-0.028
"80",6.638,-0.88,-0.88,function (object, ...) 
UseMethod("residuals"),0.001,0.007,1.011,-0.072,-0.013,0.051,0.009,-0.005,-0.001,0.003,0.004,-0.008,0.001
"81",5.371,2.032,2.026,function (object, ...) 
UseMethod("residuals"),0.003,0.007,0.951,0.165,-0.016,0.097,-0.015,-0.013,-0.006,0.033,0.013,-0.023,-0.026
"82",5.878,-1.454,-1.453,function (object, ...) 
UseMethod("residuals"),0.005,0.021,1.001,-0.212,0.024,0.017,0.013,-0.048,-0.154,-0.028,0.111,0.043,0.12
"83",5.237,2.833,2.813,function (object, ...) 
UseMethod("residuals"),0.018,0.02,0.898,0.406,0.008,0.002,-0.033,-0.005,-0.012,-0.159,0.015,0.182,-0.008
"84",5.374,1.849,1.844,function (object, ...) 
UseMethod("residuals"),0.002,0.005,0.961,0.128,-0.006,0.052,-0.018,-0.008,-0.007,-0.014,0.012,0.026,-0.02
"85",5.69,0.475,0.476,function (object, ...) 
UseMethod("residuals"),0,0.006,1.021,0.038,-0.003,0.016,-0.002,-0.002,0.003,0.008,-0.003,-0.007,0.006
"86",6.327,0.797,0.797,function (object, ...) 
UseMethod("residuals"),0.001,0.008,1.015,0.072,0.008,-0.037,-0.001,0.004,0.001,-0.012,-0.004,0.018,-0.009
"87",5.532,0.452,0.453,function (object, ...) 
UseMethod("residuals"),0,0.02,1.036,0.065,0.003,-0.009,-0.005,0,-0.001,-0.025,0.001,0.028,-0.001
"88",5.978,-1.194,-1.193,function (object, ...) 
UseMethod("residuals"),0.001,0.007,0.999,-0.097,-0.009,0.029,0.011,-0.002,0.002,0.022,0,-0.03,0.009
"89",5.589,1.661,1.658,function (object, ...) 
UseMethod("residuals"),0.01,0.032,1,0.3,-0.096,0.121,0.272,0.022,0.057,0.041,-0.068,-0.011,-0.058
"90",5.286,0.759,0.759,function (object, ...) 
UseMethod("residuals"),0,0.005,1.013,0.056,-0.009,0.036,0.005,-0.003,0,0.004,0.002,0.001,-0.01
"91",6.684,-0.424,-0.424,function (object, ...) 
UseMethod("residuals"),0,0.015,1.03,-0.052,-0.029,0.022,0.026,0.012,0.015,0.02,-0.005,-0.011,-0.014
"92",5.29,-2.565,-2.551,function (object, ...) 
UseMethod("residuals"),0.008,0.011,0.913,-0.269,-0.014,-0.105,0.062,-0.004,-0.011,0.036,0.02,0.008,0.005
"93",7.157,1.531,1.529,function (object, ...) 
UseMethod("residuals"),0.003,0.012,0.988,0.171,0.028,-0.097,-0.03,0.007,0.012,0.055,-0.021,-0.053,0.014
"94",6.83,0.49,0.491,function (object, ...) 
UseMethod("residuals"),0,0.01,1.024,0.048,0.01,-0.033,-0.01,0.002,0.006,-0.001,-0.009,0.002,0.01
"95",6.886,-0.625,-0.625,function (object, ...) 
UseMethod("residuals"),0.001,0.025,1.038,-0.101,0.018,0.022,-0.086,-0.014,-0.025,-0.014,0.034,0.004,0.024
"96",6.098,-0.057,-0.057,function (object, ...) 
UseMethod("residuals"),0,0.003,1.022,-0.003,0,0,-0.001,0,0,-0.001,0,0,0.001
"97",6.826,-0.536,-0.536,function (object, ...) 
UseMethod("residuals"),0,0.014,1.027,-0.064,-0.031,0.031,0.021,0.009,0.022,0.02,-0.006,-0.008,-0.02
"98",5.198,-0.471,-0.471,function (object, ...) 
UseMethod("residuals"),0,0.006,1.021,-0.037,0.007,-0.022,-0.007,0.002,-0.001,0.002,0,-0.006,0.007
"99",6.727,-0.472,-0.472,function (object, ...) 
UseMethod("residuals"),0.001,0.028,1.043,-0.08,-0.004,0.017,0.003,-0.001,-0.008,0.002,0.012,-0.001,-0.039
"100",6.708,-1.414,-1.412,function (object, ...) 
UseMethod("residuals"),0.001,0.006,0.988,-0.114,-0.006,0.067,-0.031,-0.012,-0.013,-0.021,0.021,0.01,0.028
"101",5.281,1.731,1.727,function (object, ...) 
UseMethod("residuals"),0.002,0.006,0.97,0.131,-0.015,0.06,0.009,-0.006,0,-0.019,0.004,0.033,-0.022
"102",6.093,-0.102,-0.103,function (object, ...) 
UseMethod("residuals"),0,0.005,1.023,-0.007,-0.001,0.003,0.002,0,0,0.001,0,-0.001,0.001
"103",5.225,-0.557,-0.557,function (object, ...) 
UseMethod("residuals"),0,0.01,1.023,-0.057,0.005,-0.014,-0.006,0.001,-0.001,0.017,0,-0.022,0.006
"104",5.815,-0.342,-0.342,function (object, ...) 
UseMethod("residuals"),0,0.004,1.02,-0.021,0,-0.005,0.003,0.001,0,-0.005,-0.001,0.003,0.003
"105",6.491,2.874,2.853,function (object, ...) 
UseMethod("residuals"),0.052,0.054,0.926,0.686,0.275,0.067,0.001,-0.318,0.483,-0.268,-0.272,0.275,-0.399
"106",6.776,0.178,0.178,function (object, ...) 
UseMethod("residuals"),0,0.013,1.032,0.021,0.004,-0.015,-0.004,0.001,0,-0.003,0,0.004,-0.001
"107",4.901,-0.149,-0.149,function (object, ...) 
UseMethod("residuals"),0,0.021,1.04,-0.022,0.001,-0.004,0,0.001,0,0.008,-0.001,-0.01,0.001
"108",6.195,0.733,0.734,function (object, ...) 
UseMethod("residuals"),0.001,0.011,1.019,0.076,0,0.006,-0.003,-0.001,0,0.033,0.001,-0.03,-0.016
"109",5.486,0.773,0.773,function (object, ...) 
UseMethod("residuals"),0.001,0.009,1.017,0.074,-0.006,0.038,-0.009,-0.005,-0.001,0.022,0.004,-0.019,-0.009
"110",5.426,0.696,0.696,function (object, ...) 
UseMethod("residuals"),0,0.006,1.016,0.056,0,0.009,-0.009,-0.002,-0.003,-0.015,0.005,0.019,-0.006
"111",6.558,3.082,3.056,function (object, ...) 
UseMethod("residuals"),0.006,0.005,0.862,0.228,0.035,-0.145,-0.019,0.014,0.003,0.019,-0.012,-0.001,-0.039
"112",7.255,1.281,1.28,function (object, ...) 
UseMethod("residuals"),0.002,0.013,1.001,0.146,0.021,-0.119,0.016,0.016,0.011,0.012,-0.021,-0.002,-0.022
"113",5.356,0.866,0.866,function (object, ...) 
UseMethod("residuals"),0.001,0.006,1.011,0.069,-0.009,0.042,0.001,-0.005,-0.001,0.013,0.004,-0.008,-0.014
"114",6.904,0.457,0.457,function (object, ...) 
UseMethod("residuals"),0,0.014,1.029,0.054,0.021,-0.03,-0.015,-0.004,0.011,-0.011,-0.012,0.004,-0.007
"115",5.344,-2.387,-2.375,function (object, ...) 
UseMethod("residuals"),0.003,0.006,0.923,-0.178,0.031,-0.113,-0.026,0.009,0.004,0.011,-0.012,-0.025,-0.026
"116",6.718,-0.768,-0.768,function (object, ...) 
UseMethod("residuals"),0,0.007,1.014,-0.063,-0.014,0.047,0.015,-0.003,0,-0.003,0.003,-0.001,0.003
"117",6.555,-0.26,-0.261,function (object, ...) 
UseMethod("residuals"),0,0.009,1.026,-0.024,-0.004,0.008,0.007,0,0.001,-0.009,-0.001,0.008,0.004
"118",4.361,0.4,0.4,function (object, ...) 
UseMethod("residuals"),0.001,0.062,1.083,0.103,-0.081,0.009,0.006,0.093,-0.004,0.072,0.001,-0.082,0.004
"119",6.706,-0.075,-0.075,function (object, ...) 
UseMethod("residuals"),0,0.007,1.025,-0.006,-0.001,0.004,0.001,0,0,-0.001,0,0.001,0.001
"120",6.175,-0.56,-0.56,function (object, ...) 
UseMethod("residuals"),0,0.011,1.024,-0.06,-0.026,0.003,0.015,0.016,-0.02,0.022,0.017,-0.014,0.014
"121",7.091,0.161,0.162,function (object, ...) 
UseMethod("residuals"),0,0.009,1.028,0.016,0.003,-0.01,-0.003,0.001,0,0.005,-0.001,-0.004,0.001
"122",7.627,-0.63,-0.63,function (object, ...) 
UseMethod("residuals"),0.005,0.104,1.128,-0.214,-0.01,0.021,0.021,0,0.064,0.018,-0.084,-0.011,-0.154
"123",5.556,0.725,0.725,function (object, ...) 
UseMethod("residuals"),0.001,0.011,1.02,0.078,-0.008,0.037,-0.001,-0.004,-0.001,0.027,0.004,-0.024,-0.014
"124",5.078,-0.037,-0.037,function (object, ...) 
UseMethod("residuals"),0,0.021,1.04,-0.005,0.003,-0.002,-0.002,-0.003,0,-0.002,0,0.003,0
"125",5.611,0.308,0.309,function (object, ...) 
UseMethod("residuals"),0,0.004,1.021,0.019,-0.001,0.005,-0.002,-0.001,-0.001,0,0.001,0.002,-0.004
"126",6.48,-0.194,-0.194,function (object, ...) 
UseMethod("residuals"),0,0.009,1.028,-0.019,-0.003,0.012,0.003,-0.001,0,0.004,0.001,-0.005,0
"127",5.272,0.35,0.351,function (object, ...) 
UseMethod("residuals"),0,0.005,1.021,0.025,-0.003,0.015,-0.002,-0.002,0,-0.001,0,0.003,0
"128",5.262,1.14,1.14,function (object, ...) 
UseMethod("residuals"),0.003,0.017,1.012,0.151,-0.069,0.055,0.063,0.071,-0.013,0.045,-0.009,-0.064,0.015
"129",5.949,1.677,1.674,function (object, ...) 
UseMethod("residuals"),0.011,0.035,1.003,0.32,-0.099,0.119,0.286,0.025,0.019,0.057,-0.017,-0.028,-0.026
"130",5.646,0.89,0.89,function (object, ...) 
UseMethod("residuals"),0.002,0.02,1.025,0.128,0.081,0.043,-0.043,-0.076,-0.047,-0.083,0.024,0.065,0.04
"131",5.309,0.846,0.846,function (object, ...) 
UseMethod("residuals"),0.001,0.01,1.016,0.086,-0.004,0.018,0.001,-0.002,0.001,-0.03,0,0.035,0.012
"132",5.335,-0.194,-0.194,function (object, ...) 
UseMethod("residuals"),0,0.011,1.03,-0.021,0.001,-0.008,0,-0.003,0.006,0.001,-0.002,0.003,-0.005
"133",5.146,-0.406,-0.406,function (object, ...) 
UseMethod("residuals"),0,0.006,1.022,-0.032,0.002,-0.016,0.005,0.002,0.002,0.006,-0.004,-0.008,0.004
"134",5.003,0.617,0.617,function (object, ...) 
UseMethod("residuals"),0.001,0.02,1.033,0.089,0,0.01,-0.008,-0.002,-0.003,-0.035,0.005,0.04,-0.002
"135",5.689,2.319,2.309,function (object, ...) 
UseMethod("residuals"),0.01,0.016,0.938,0.297,0.179,0.097,-0.086,-0.173,-0.008,-0.184,-0.014,0.148,0.012
"136",5.538,1.613,1.61,function (object, ...) 
UseMethod("residuals"),0.005,0.015,0.986,0.202,0.098,0.07,-0.069,-0.084,-0.078,-0.104,0.038,0.071,0.066
"137",4.851,-2.611,-2.596,function (object, ...) 
UseMethod("residuals"),0.018,0.023,0.921,-0.4,0.051,-0.113,-0.104,-0.001,-0.021,0.13,0.022,-0.161,0.03
"138",4.982,1.537,1.535,function (object, ...) 
UseMethod("residuals"),0.005,0.019,0.994,0.213,-0.107,0.053,-0.007,0.133,-0.038,0.086,0.014,-0.119,0.033
"139",4.757,-0.283,-0.283,function (object, ...) 
UseMethod("residuals"),0,0.021,1.039,-0.042,0.003,-0.011,-0.001,0.001,0.001,0.016,-0.001,-0.019,0.001
"140",6.124,-0.5,-0.5,function (object, ...) 
UseMethod("residuals"),0.001,0.027,1.042,-0.084,0.013,-0.017,-0.068,-0.01,-0.002,-0.004,0.02,0.008,-0.003
"141",5.958,-0.243,-0.243,function (object, ...) 
UseMethod("residuals"),0,0.011,1.029,-0.026,-0.009,0,0.01,0.003,0.01,0.008,-0.004,-0.003,-0.009
"142",5.32,-0.438,-0.439,function (object, ...) 
UseMethod("residuals"),0,0.006,1.021,-0.033,0.006,-0.022,-0.005,0.002,0,-0.004,-0.001,0.001,0.006
"143",6.195,-1.265,-1.264,function (object, ...) 
UseMethod("residuals"),0.001,0.007,0.996,-0.107,-0.006,0.034,-0.004,-0.005,0.003,0.025,-0.002,-0.033,-0.02
"144",5.327,2.743,2.725,function (object, ...) 
UseMethod("residuals"),0.008,0.009,0.896,0.265,-0.011,0.071,-0.015,-0.01,0.028,-0.075,-0.033,0.087,0.063
"145",5.666,-0.289,-0.289,function (object, ...) 
UseMethod("residuals"),0,0.007,1.024,-0.025,0.001,-0.009,0.005,0.002,0.001,-0.007,-0.002,0.006,0.004
"146",6.686,-0.831,-0.831,function (object, ...) 
UseMethod("residuals"),0.003,0.037,1.045,-0.164,-0.062,0.01,0.005,0.059,-0.12,0.053,0.073,-0.052,0.097
"147",5.903,-0.884,-0.885,function (object, ...) 
UseMethod("residuals"),0.001,0.006,1.01,-0.071,0.001,-0.016,0.01,0.003,0.001,-0.025,-0.002,0.021,0.01
"148",5.36,0.446,0.446,function (object, ...) 
UseMethod("residuals"),0,0.007,1.021,0.036,-0.003,0.021,-0.004,-0.003,-0.002,0.007,0.004,-0.004,-0.006
"149",5.896,-0.856,-0.856,function (object, ...) 
UseMethod("residuals"),0.001,0.016,1.021,-0.109,0.039,0.018,0.007,-0.061,-0.05,-0.041,0.033,0.053,0.04
"150",6.024,-0.201,-0.202,function (object, ...) 
UseMethod("residuals"),0,0.015,1.033,-0.025,0.001,-0.004,0,0.001,-0.004,-0.004,0.005,0.004,-0.008
"151",5.649,-1.105,-1.105,function (object, ...) 
UseMethod("residuals"),0.002,0.011,1.007,-0.118,-0.012,-0.007,0.049,-0.015,0.035,0.01,-0.015,0.014,-0.03
"152",8.474,-0.522,-0.523,function (object, ...) 
UseMethod("residuals"),0.002,0.075,1.096,-0.149,-0.147,0.047,0.042,0.125,0.035,0.121,-0.01,-0.111,-0.033
"153",6.76,-0.034,-0.034,function (object, ...) 
UseMethod("residuals"),0,0.023,1.043,-0.005,0,0.001,0,0,-0.001,-0.001,0.001,0.001,-0.002
"154",5.735,0.884,0.885,function (object, ...) 
UseMethod("residuals"),0,0.004,1.008,0.052,-0.002,0.011,0.001,-0.001,0,0.004,0.001,0.002,-0.013
"155",5.195,0.349,0.349,function (object, ...) 
UseMethod("residuals"),0,0.006,1.022,0.026,-0.003,0.016,-0.001,-0.002,-0.001,-0.001,0.002,0.003,-0.005
"156",7.099,-1.773,-1.769,function (object, ...) 
UseMethod("residuals"),0.004,0.012,0.974,-0.199,0.017,0.081,-0.131,-0.026,-0.029,-0.062,0.042,0.044,0.039
"157",7.337,1.374,1.373,function (object, ...) 
UseMethod("residuals"),0.004,0.02,1.004,0.195,0.015,-0.076,0.004,0.009,0.005,0.089,-0.011,-0.084,-0.027
"158",5.668,-0.415,-0.416,function (object, ...) 
UseMethod("residuals"),0,0.006,1.022,-0.033,-0.002,0.002,0.006,0.001,0.002,0.008,-0.002,-0.011,0.004
"159",4.903,0.788,0.788,function (object, ...) 
UseMethod("residuals"),0.001,0.02,1.027,0.112,-0.049,0.025,-0.026,0.066,-0.025,0.04,0.014,-0.059,0.021
"160",6.165,-0.829,-0.829,function (object, ...) 
UseMethod("residuals"),0.001,0.011,1.017,-0.089,-0.051,-0.005,0.016,0.037,0.031,0.048,-0.008,-0.032,-0.028
"161",5.046,-0.813,-0.813,function (object, ...) 
UseMethod("residuals"),0.001,0.016,1.023,-0.104,0.026,-0.027,0.032,-0.041,0.032,-0.019,-0.018,0.037,-0.026
"162",5.257,-1.358,-1.357,function (object, ...) 
UseMethod("residuals"),0.001,0.006,0.99,-0.104,0.008,-0.062,0.018,0.009,0.008,-0.007,-0.013,-0.001,0.018
"163",5.549,0.386,0.386,function (object, ...) 
UseMethod("residuals"),0,0.004,1.02,0.025,-0.003,0.012,0.003,-0.001,0,0.004,0,-0.001,-0.006
"164",6.783,-0.549,-0.55,function (object, ...) 
UseMethod("residuals"),0.001,0.019,1.033,-0.077,-0.003,0.011,0.004,-0.001,0,-0.036,0.001,0.033,0.013
"165",6.056,-0.645,-0.646,function (object, ...) 
UseMethod("residuals"),0,0.006,1.017,-0.05,0.009,-0.009,-0.028,-0.003,-0.008,-0.017,0.01,0.011,0.016
"166",6.286,-0.708,-0.709,function (object, ...) 
UseMethod("residuals"),0,0.006,1.015,-0.055,-0.005,0.026,-0.001,-0.003,-0.002,0.005,0.004,-0.01,0.009
"167",6.475,-0.16,-0.16,function (object, ...) 
UseMethod("residuals"),0,0.007,1.025,-0.013,-0.002,0.004,0.003,0,0,-0.005,0,0.004,0.003
"168",6.553,-0.6,-0.601,function (object, ...) 
UseMethod("residuals"),0,0.008,1.02,-0.054,-0.006,0.015,0.012,0,-0.001,-0.021,0.002,0.019,0.004
"169",6.097,0.154,0.154,function (object, ...) 
UseMethod("residuals"),0,0.027,1.047,0.026,0.003,-0.009,-0.003,0.001,0.002,-0.009,-0.003,0.01,0.005
"170",6.871,1.399,1.397,function (object, ...) 
UseMethod("residuals"),0.011,0.046,1.03,0.308,0.064,-0.023,0.004,-0.063,0.237,-0.052,-0.104,0.055,-0.204
"171",5.666,1.251,1.25,function (object, ...) 
UseMethod("residuals"),0.001,0.004,0.993,0.077,-0.008,0.024,0.012,-0.001,0.003,0.006,-0.002,0.003,-0.02
"172",5.314,0.85,0.85,function (object, ...) 
UseMethod("residuals"),0.001,0.011,1.017,0.091,-0.026,0.036,0.011,0.031,-0.009,0.014,0.002,-0.029,0.008
"173",5.127,-1.459,-1.457,function (object, ...) 
UseMethod("residuals"),0.004,0.018,0.998,-0.199,0.013,-0.056,-0.004,0.006,-0.015,0.063,0.018,-0.068,-0.065
"174",6.493,1.099,1.099,function (object, ...) 
UseMethod("residuals"),0.003,0.024,1.021,0.173,0.149,0.005,-0.057,-0.131,-0.051,-0.134,0.019,0.114,0.045
"175",7.68,2.128,2.12,function (object, ...) 
UseMethod("residuals"),0.017,0.034,0.97,0.398,0.129,-0.092,0.273,-0.102,0,-0.112,-0.097,0.095,0.028
"176",5.347,-1.105,-1.105,function (object, ...) 
UseMethod("residuals"),0.001,0.006,1.002,-0.086,0.009,-0.047,0.005,0.006,-0.009,0.002,0.009,-0.006,-0.016
"177",5.806,1.22,1.219,function (object, ...) 
UseMethod("residuals"),0.001,0.004,0.995,0.079,0.003,0.013,-0.022,-0.004,-0.005,0.015,0.007,-0.009,-0.015
"178",7.003,0.041,0.041,function (object, ...) 
UseMethod("residuals"),0,0.01,1.029,0.004,0.001,-0.003,0,0,0,0,0,0,0
"179",6.009,0.505,0.505,function (object, ...) 
UseMethod("residuals"),0,0.014,1.028,0.06,0.034,0.001,-0.03,-0.021,-0.024,-0.029,0.012,0.019,0.021
"180",6.888,-0.966,-0.966,function (object, ...) 
UseMethod("residuals"),0.001,0.014,1.015,-0.115,-0.022,0.086,0.013,-0.008,-0.001,0.014,0.006,-0.02,0.009
"181",4.954,1.457,1.455,function (object, ...) 
UseMethod("residuals"),0.003,0.011,0.991,0.155,-0.009,0.058,-0.012,-0.008,0,-0.053,0.003,0.063,0.006
"182",5.755,0.343,0.343,function (object, ...) 
UseMethod("residuals"),0,0.007,1.023,0.028,-0.003,0.002,0.009,0.001,0.002,-0.005,-0.002,0.008,-0.003
"183",6.144,0.41,0.411,function (object, ...) 
UseMethod("residuals"),0,0.014,1.03,0.049,0.033,0.003,-0.017,-0.025,-0.019,-0.03,0.008,0.022,0.017
"184",6.253,0.139,0.14,function (object, ...) 
UseMethod("residuals"),0,0.008,1.026,0.012,0.001,0,-0.002,0,0.001,0.004,-0.001,-0.004,0.001
"185",5.851,-0.524,-0.524,function (object, ...) 
UseMethod("residuals"),0,0.015,1.029,-0.065,-0.033,-0.029,-0.007,0.037,0.01,0.038,-0.005,-0.031,-0.009
"186",8.133,-1.161,-1.161,function (object, ...) 
UseMethod("residuals"),0.006,0.039,1.034,-0.233,-0.188,0.146,0.097,0.114,0.065,0.13,-0.021,-0.104,-0.06
"187",6.499,1.018,1.018,function (object, ...) 
UseMethod("residuals"),0.003,0.028,1.029,0.174,0.027,-0.094,-0.026,0.007,-0.003,-0.054,-0.001,0.061,-0.001
"188",4.743,-1.661,-1.658,function (object, ...) 
UseMethod("residuals"),0.009,0.029,0.998,-0.289,0.189,-0.052,0.002,-0.224,0.037,-0.16,-0.015,0.198,-0.032
"189",6.679,-0.647,-0.647,function (object, ...) 
UseMethod("residuals"),0.001,0.03,1.042,-0.115,-0.001,0.004,0.002,0,0.001,-0.007,-0.001,0.009,-0.063
"190",6.153,0.264,0.265,function (object, ...) 
UseMethod("residuals"),0,0.003,1.02,0.015,0.002,-0.005,-0.003,0,0,0.001,0,0,-0.002
"191",6.285,-0.115,-0.115,function (object, ...) 
UseMethod("residuals"),0,0.004,1.023,-0.008,-0.001,0.003,0.001,0,0,0,0.001,-0.001,-0.002
"192",5.707,0.572,0.572,function (object, ...) 
UseMethod("residuals"),0,0.004,1.016,0.034,-0.001,0.008,-0.003,-0.001,-0.001,0.003,0.002,0,-0.008
"193",5.388,-1.067,-1.067,function (object, ...) 
UseMethod("residuals"),0.002,0.017,1.014,-0.138,0.01,-0.045,-0.004,0.005,-0.016,0.021,0.019,-0.022,-0.058
"194",6.081,0.412,0.413,function (object, ...) 
UseMethod("residuals"),0,0.007,1.023,0.035,-0.002,0.008,0.002,-0.001,0,0.014,0.001,-0.012,0
"195",5.527,1.13,1.13,function (object, ...) 
UseMethod("residuals"),0.001,0.008,1.003,0.104,-0.011,0.055,-0.001,-0.006,0,0.032,0.004,-0.027,-0.013
"196",6.148,0.381,0.381,function (object, ...) 
UseMethod("residuals"),0,0.028,1.045,0.065,0.052,0.015,-0.014,-0.051,-0.019,-0.051,0.007,0.045,0.017
"197",5.886,-0.921,-0.921,function (object, ...) 
UseMethod("residuals"),0,0.003,1.006,-0.054,-0.001,0.002,0.002,0,0,0.006,0.001,-0.012,-0.002
"198",4.948,-1.646,-1.643,function (object, ...) 
UseMethod("residuals"),0.003,0.011,0.98,-0.175,0.011,-0.065,0.011,0.009,0.006,0.056,-0.012,-0.069,0.01
"199",5.809,1.456,1.455,function (object, ...) 
UseMethod("residuals"),0.001,0.004,0.983,0.091,0.002,-0.001,-0.006,-0.001,-0.001,-0.006,0.002,0.016,-0.019
"200",5.945,0.421,0.421,function (object, ...) 
UseMethod("residuals"),0,0.006,1.022,0.034,0.003,-0.009,-0.005,0,-0.001,-0.008,0,0.011,-0.003
"201",6.612,-0.03,-0.03,function (object, ...) 
UseMethod("residuals"),0,0.01,1.029,-0.003,0,0.002,0,0,0,0.001,0,-0.001,0
"202",6.732,-0.416,-0.417,function (object, ...) 
UseMethod("residuals"),0,0.008,1.024,-0.038,-0.008,0.028,0.006,-0.002,0,0.001,0.001,-0.003,0.005
"203",6.572,-1.695,-1.692,function (object, ...) 
UseMethod("residuals"),0.007,0.021,0.987,-0.248,0.077,0.069,-0.124,-0.126,0.006,-0.081,0.047,0.107,-0.02
"204",6.068,0.57,0.57,function (object, ...) 
UseMethod("residuals"),0,0.006,1.019,0.045,0.001,0.003,-0.006,-0.001,-0.001,0.016,0.002,-0.014,-0.009
"205",4.91,-1.183,-1.183,function (object, ...) 
UseMethod("residuals"),0.003,0.02,1.013,-0.167,0.074,-0.033,0.043,-0.099,0.025,-0.062,-0.014,0.089,-0.021
"206",5.933,1.725,1.722,function (object, ...) 
UseMethod("residuals"),0.01,0.029,0.993,0.297,-0.011,0.048,0.005,-0.005,0.005,-0.023,-0.004,0.02,0.164
"207",5.767,-0.282,-0.283,function (object, ...) 
UseMethod("residuals"),0,0.004,1.021,-0.018,0.003,-0.005,-0.006,0,-0.001,-0.003,0.002,0.001,0.005
"208",5.544,-3.109,-3.082,function (object, ...) 
UseMethod("residuals"),0.012,0.011,0.864,-0.334,0.035,-0.162,-0.005,0.018,0.004,-0.117,-0.014,0.101,0.065
"209",6.08,1.742,1.738,function (object, ...) 
UseMethod("residuals"),0.004,0.012,0.975,0.193,-0.002,0.028,-0.013,-0.005,0.031,0.053,-0.04,-0.052,0.038
"210",5.622,2.906,2.885,function (object, ...) 
UseMethod("residuals"),0.009,0.01,0.882,0.288,0.015,-0.027,-0.037,-0.002,-0.01,-0.092,0.012,0.113,-0.02
"211",6.167,-1.315,-1.314,function (object, ...) 
UseMethod("residuals"),0.002,0.01,0.996,-0.129,-0.041,0.009,0.016,0.01,0.044,0.034,-0.009,-0.009,-0.041
"212",4.928,-1.217,-1.217,function (object, ...) 
UseMethod("residuals"),0.002,0.011,1.003,-0.13,0.008,-0.05,0.009,0.007,0.005,0.041,-0.01,-0.051,0.009
"213",5.919,-0.611,-0.612,function (object, ...) 
UseMethod("residuals"),0.001,0.02,1.033,-0.088,0.004,-0.043,-0.038,0.006,0.015,0.01,-0.031,-0.004,-0.006
"214",5.561,-0.513,-0.513,function (object, ...) 
UseMethod("residuals"),0,0.006,1.02,-0.041,-0.002,-0.001,0.01,0.001,0.003,0.011,-0.003,-0.014,0.003
"215",7.032,0.192,0.192,function (object, ...) 
UseMethod("residuals"),0,0.081,1.107,0.057,0.001,-0.005,-0.001,0,0.001,-0.002,-0.001,0,0.033
"216",5.976,0.065,0.065,function (object, ...) 
UseMethod("residuals"),0,0.004,1.023,0.004,0,-0.001,-0.001,0,0,0,0,0.001,-0.001
"217",5.719,0.411,0.411,function (object, ...) 
UseMethod("residuals"),0,0.014,1.03,0.049,-0.003,0.019,-0.005,-0.003,0.001,0.018,-0.001,-0.017,-0.003
"218",5.748,0.022,0.022,function (object, ...) 
UseMethod("residuals"),0,0.003,1.022,0.001,0,0,0,0,0,0,0,0,0
"219",5.676,0.227,0.228,function (object, ...) 
UseMethod("residuals"),0,0.005,1.022,0.015,-0.002,0.007,0.001,-0.001,0,0.004,0,-0.003,-0.002
"220",6.496,0.2,0.2,function (object, ...) 
UseMethod("residuals"),0,0.017,1.035,0.026,0.001,-0.005,-0.001,0,0.001,-0.002,-0.001,0.002,0.014
"221",5.089,2.067,2.06,function (object, ...) 
UseMethod("residuals"),0.003,0.007,0.948,0.17,-0.012,0.089,-0.025,-0.013,-0.011,-0.03,0.02,0.044,-0.02
"222",5.613,-0.267,-0.267,function (object, ...) 
UseMethod("residuals"),0,0.011,1.028,-0.028,-0.004,-0.011,-0.004,0.002,0.007,0.006,-0.001,-0.002,-0.007
"223",6.051,-0.235,-0.235,function (object, ...) 
UseMethod("residuals"),0,0.016,1.034,-0.03,0.002,-0.007,-0.001,0.001,0,-0.004,0,0.005,-0.013
"224",5.087,-1.819,-1.815,function (object, ...) 
UseMethod("residuals"),0.003,0.008,0.966,-0.16,0.012,-0.071,0.011,0.009,0.007,0.039,-0.013,-0.052,0.016
"225",5.109,1.376,1.375,function (object, ...) 
UseMethod("residuals"),0.001,0.007,0.99,0.112,-0.012,0.061,-0.004,-0.007,-0.004,-0.018,0.009,0.028,-0.015
"226",7.25,0.131,0.131,function (object, ...) 
UseMethod("residuals"),0,0.037,1.058,0.026,-0.003,-0.018,-0.007,0.013,-0.004,0.008,0.001,-0.011,0.004
"227",5.378,1.691,1.687,function (object, ...) 
UseMethod("residuals"),0.002,0.006,0.973,0.134,-0.017,0.082,0,-0.009,-0.002,0.027,0.007,-0.017,-0.022
"228",6.524,-1.935,-1.93,function (object, ...) 
UseMethod("residuals"),0.003,0.007,0.957,-0.158,-0.028,0.103,0.024,-0.008,0.001,0.005,0.004,-0.017,0.023
"229",5.162,-0.451,-0.451,function (object, ...) 
UseMethod("residuals"),0,0.006,1.021,-0.036,0.005,-0.02,-0.003,0.002,0,0.005,-0.001,-0.009,0.006
"230",4.932,-2.432,-2.42,function (object, ...) 
UseMethod("residuals"),0.013,0.02,0.933,-0.346,0.151,-0.074,0.073,-0.203,0.083,-0.124,-0.047,0.181,-0.068
"231",8.809,1.535,1.533,function (object, ...) 
UseMethod("residuals"),0.045,0.146,1.142,0.634,0.104,-0.052,-0.082,-0.1,0.053,-0.08,0.347,0.091,-0.154
"232",5.668,0.622,0.622,function (object, ...) 
UseMethod("residuals"),0,0.004,1.015,0.039,0.002,0.005,-0.013,-0.002,-0.004,-0.002,0.005,0.006,-0.006
"233",6.701,0.329,0.33,function (object, ...) 
UseMethod("residuals"),0,0.036,1.055,0.064,0.049,-0.001,-0.012,-0.047,0.022,-0.044,-0.02,0.041,-0.016
"234",5.414,0.129,0.129,function (object, ...) 
UseMethod("residuals"),0,0.015,1.034,0.016,-0.007,0.004,0.005,0.008,-0.002,0.005,-0.001,-0.007,0.002
"235",5.373,0.146,0.147,function (object, ...) 
UseMethod("residuals"),0,0.006,1.024,0.011,-0.002,0.007,0.003,0,0,0.002,0,0,-0.002
"236",5.38,-1.092,-1.092,function (object, ...) 
UseMethod("residuals"),0.001,0.006,1.002,-0.082,0.011,-0.047,-0.006,0.005,-0.001,0.007,-0.002,-0.013,-0.018
"237",6.337,-0.219,-0.219,function (object, ...) 
UseMethod("residuals"),0,0.006,1.024,-0.017,-0.001,0.002,0,0,0,-0.007,0,0.006,0.004
"238",6.347,1.58,1.578,function (object, ...) 
UseMethod("residuals"),0.006,0.022,0.995,0.235,-0.086,-0.105,-0.027,0.161,0.034,0.108,-0.031,-0.138,-0.024
"239",5.028,1.839,1.835,function (object, ...) 
UseMethod("residuals"),0.003,0.008,0.965,0.166,-0.012,0.078,-0.017,-0.011,-0.009,-0.041,0.016,0.054,-0.016
"240",6.233,-1.047,-1.047,function (object, ...) 
UseMethod("residuals"),0.001,0.005,1.003,-0.074,0,0.006,-0.004,-0.001,0.006,-0.001,-0.007,-0.002,-0.032
"241",6.489,1.027,1.027,function (object, ...) 
UseMethod("residuals"),0.003,0.021,1.021,0.152,-0.001,0.008,-0.003,-0.002,0.014,0.043,-0.018,-0.044,0.047
"242",5.6,-1.4,-1.399,function (object, ...) 
UseMethod("residuals"),0.002,0.011,0.993,-0.146,0.016,-0.007,0.043,-0.049,0.014,-0.016,0,0.044,-0.014
"243",7.958,-0.298,-0.298,function (object, ...) 
UseMethod("residuals"),0,0.034,1.052,-0.056,-0.011,0.011,-0.016,0.006,0.017,0.008,-0.031,-0.006,-0.008
"244",5.173,-0.804,-0.805,function (object, ...) 
UseMethod("residuals"),0,0.006,1.013,-0.062,0.009,-0.037,-0.003,0.004,0.001,0.005,-0.003,-0.011,0.011
"245",6.013,0.159,0.159,function (object, ...) 
UseMethod("residuals"),0,0.012,1.031,0.018,0,-0.004,-0.006,0.006,-0.005,0.001,0.002,-0.005,0.005
"246",6.689,1.149,1.148,function (object, ...) 
UseMethod("residuals"),0.002,0.015,1.009,0.142,0.005,-0.075,-0.022,0.048,-0.034,0.016,0.003,-0.04,0.033
"247",6.546,0.724,0.724,function (object, ...) 
UseMethod("residuals"),0.001,0.019,1.028,0.101,0.004,-0.013,-0.004,0.001,0.015,0.009,-0.021,-0.01,0.042
"248",5.26,0.018,0.018,function (object, ...) 
UseMethod("residuals"),0,0.014,1.033,0.002,0,0.001,-0.001,0,-0.001,0,0,0,0.001
"249",5.685,0.421,0.421,function (object, ...) 
UseMethod("residuals"),0,0.01,1.025,0.042,-0.007,0.023,0.008,-0.002,-0.001,0.014,0.003,-0.012,0.002
"250",5.558,-1.375,-1.374,function (object, ...) 
UseMethod("residuals"),0.003,0.012,0.996,-0.151,0.043,-0.08,-0.1,-0.004,-0.024,-0.042,0.027,0.027,0.04
"251",5.148,1.157,1.156,function (object, ...) 
UseMethod("residuals"),0.003,0.021,1.015,0.169,-0.088,0.012,-0.016,0.111,0.064,0.079,-0.048,-0.098,-0.049
"252",5.602,1.18,1.18,function (object, ...) 
UseMethod("residuals"),0.01,0.058,1.054,0.294,-0.014,0.047,0.016,-0.004,0.058,-0.026,-0.075,0.022,0.128
"253",5.328,0.707,0.707,function (object, ...) 
UseMethod("residuals"),0,0.006,1.015,0.054,-0.005,0.032,-0.006,-0.004,-0.003,0.007,0.006,-0.003,-0.01
"254",5.412,0.865,0.865,function (object, ...) 
UseMethod("residuals"),0,0.006,1.01,0.065,-0.007,0.038,-0.004,-0.005,-0.002,0.012,0.004,-0.007,-0.011
"255",7.162,0.733,0.733,function (object, ...) 
UseMethod("residuals"),0.001,0.013,1.022,0.084,0.008,-0.038,0.001,0.005,-0.02,0.002,0.025,-0.001,0.046
"256",5.02,-0.946,-0.947,function (object, ...) 
UseMethod("residuals"),0.001,0.011,1.013,-0.099,0.008,-0.037,-0.001,0.004,0,0.033,-0.003,-0.04,-0.003
"257",5.877,0.19,0.19,function (object, ...) 
UseMethod("residuals"),0,0.005,1.023,0.013,0.001,-0.002,-0.003,0,0,-0.002,0,0.004,-0.001
"258",7.116,-0.093,-0.093,function (object, ...) 
UseMethod("residuals"),0,0.009,1.028,-0.009,-0.002,0.007,0.002,-0.001,0,-0.002,0.001,0.001,0
"259",6.62,1.327,1.326,function (object, ...) 
UseMethod("residuals"),0.001,0.007,0.993,0.109,0.02,-0.075,-0.017,0.006,-0.001,0.003,-0.003,0.005,-0.017
"260",5.454,0.771,0.772,function (object, ...) 
UseMethod("residuals"),0,0.004,1.012,0.051,-0.001,0.019,-0.01,-0.003,-0.003,-0.003,0.005,0.007,-0.008
"261",5.328,2.087,2.079,function (object, ...) 
UseMethod("residuals"),0.003,0.006,0.947,0.168,-0.014,0.097,-0.027,-0.014,-0.01,0.027,0.019,-0.016,-0.029
"262",6.332,-1.062,-1.062,function (object, ...) 
UseMethod("residuals"),0.001,0.01,1.008,-0.108,0.01,-0.01,-0.031,-0.003,-0.007,-0.051,0.008,0.044,0.023
"263",6.384,-0.488,-0.488,function (object, ...) 
UseMethod("residuals"),0,0.006,1.02,-0.038,-0.006,0.018,0.007,-0.001,-0.004,0.003,0.006,-0.004,-0.009
"264",6.535,0.741,0.741,function (object, ...) 
UseMethod("residuals"),0,0.006,1.014,0.057,0.009,-0.032,-0.01,0.002,0.004,-0.001,-0.008,0.003,0.013
"265",5.186,-1.943,-1.937,function (object, ...) 
UseMethod("residuals"),0.002,0.006,0.956,-0.146,0.016,-0.084,0.007,0.01,0.005,0.015,-0.011,-0.028,0.02
"266",6.012,-1.037,-1.037,function (object, ...) 
UseMethod("residuals"),0.002,0.013,1.011,-0.117,-0.001,0.028,0.046,-0.037,0.028,-0.009,-0.01,0.032,-0.026
"267",5.092,-0.364,-0.364,function (object, ...) 
UseMethod("residuals"),0,0.007,1.023,-0.03,0.002,-0.016,0.004,0.002,0.002,0.005,-0.003,-0.008,0.003
"268",7.125,0.45,0.45,function (object, ...) 
UseMethod("residuals"),0,0.01,1.025,0.046,0.007,-0.026,-0.005,0.002,0.001,0.016,-0.002,-0.015,0.002
"269",5.783,0.308,0.308,function (object, ...) 
UseMethod("residuals"),0,0.004,1.021,0.02,0.002,-0.001,-0.006,-0.001,-0.002,-0.002,0.002,0.004,-0.003
"270",5.227,-1.32,-1.319,function (object, ...) 
UseMethod("residuals"),0.001,0.006,0.992,-0.098,0.011,-0.06,0.007,0.008,0.004,-0.001,-0.009,-0.008,0.017
"271",5.749,-0.26,-0.26,function (object, ...) 
UseMethod("residuals"),0,0.004,1.021,-0.016,0,-0.003,0.003,0.001,0.001,-0.003,-0.001,0.001,0.004
"272",6.303,0.134,0.134,function (object, ...) 
UseMethod("residuals"),0,0.006,1.025,0.011,0.002,-0.006,-0.002,0,0,-0.001,0,0.002,-0.001
"273",5.337,-0.608,-0.609,function (object, ...) 
UseMethod("residuals"),0,0.005,1.017,-0.042,0.003,-0.022,0.007,0.003,0.003,0,-0.005,-0.004,0.007
"274",6.186,-1.021,-1.02,function (object, ...) 
UseMethod("residuals"),0.001,0.004,1.004,-0.068,-0.003,0.024,-0.008,-0.004,-0.004,0.001,0.006,-0.009,0.014
"275",6.519,-0.73,-0.73,function (object, ...) 
UseMethod("residuals"),0,0.008,1.017,-0.066,-0.013,0.044,0.016,-0.003,0.002,0.007,0,-0.011,0.006
"276",5.978,0.232,0.232,function (object, ...) 
UseMethod("residuals"),0,0.003,1.021,0.014,0.001,-0.001,-0.004,0,0,0.002,0,-0.001,-0.001
"277",6.587,-0.754,-0.754,function (object, ...) 
UseMethod("residuals"),0,0.006,1.015,-0.061,-0.005,0.02,0.002,-0.002,-0.001,-0.024,0.002,0.021,0.01
"278",6.318,-0.697,-0.697,function (object, ...) 
UseMethod("residuals"),0,0.009,1.018,-0.065,-0.002,0.001,0.008,0.001,-0.005,-0.024,0.007,0.022,-0.006
"279",5.835,-0.163,-0.163,function (object, ...) 
UseMethod("residuals"),0,0.015,1.033,-0.02,0.003,-0.009,-0.003,0.001,0.005,-0.002,-0.008,0.001,-0.01
"280",5.109,0.804,0.805,function (object, ...) 
UseMethod("residuals"),0,0.007,1.013,0.065,-0.006,0.035,-0.004,-0.004,-0.003,-0.011,0.006,0.017,-0.008
"281",5.144,-1.426,-1.424,function (object, ...) 
UseMethod("residuals"),0.001,0.007,0.988,-0.116,0.017,-0.064,-0.012,0.006,0,0.016,-0.003,-0.027,0.019
"282",6.47,-0.133,-0.133,function (object, ...) 
UseMethod("residuals"),0,0.011,1.029,-0.014,-0.001,0.002,0.001,0,0,-0.006,0,0.005,0.003
"283",5.959,-0.244,-0.244,function (object, ...) 
UseMethod("residuals"),0,0.006,1.023,-0.018,0,-0.004,0.002,0.001,-0.002,-0.005,0.002,0.004,-0.003
"284",5.247,-0.924,-0.924,function (object, ...) 
UseMethod("residuals"),0.001,0.005,1.008,-0.068,0.009,-0.04,-0.002,0.004,0.001,0.002,-0.004,-0.008,0.012
"285",5.832,-0.673,-0.674,function (object, ...) 
UseMethod("residuals"),0.005,0.09,1.111,-0.212,0.008,-0.03,-0.005,0.003,-0.007,0.027,0.008,-0.022,-0.119
"286",5.111,-0.042,-0.042,function (object, ...) 
UseMethod("residuals"),0,0.007,1.026,-0.004,0,-0.002,0,0,0,0.001,0,-0.001,0
"287",6.814,-0.673,-0.673,function (object, ...) 
UseMethod("residuals"),0,0.007,1.018,-0.058,-0.01,0.042,0.006,-0.004,-0.001,0.001,0.003,-0.004,-0.01
"288",5.238,-0.471,-0.471,function (object, ...) 
UseMethod("residuals"),0,0.005,1.02,-0.034,0.005,-0.021,-0.001,0.002,0,0.004,-0.001,-0.007,0
"289",7.213,-1.55,-1.548,function (object, ...) 
UseMethod("residuals"),0.007,0.026,1.001,-0.254,-0.016,0.061,0.014,-0.006,0.047,-0.011,-0.06,0.015,-0.16
"290",6.571,-0.262,-0.262,function (object, ...) 
UseMethod("residuals"),0,0.018,1.036,-0.036,0.004,-0.008,-0.008,0,0.012,-0.01,-0.017,0.009,-0.014
"291",4.962,0.755,0.755,function (object, ...) 
UseMethod("residuals"),0.001,0.011,1.019,0.08,-0.006,0.031,-0.001,-0.004,-0.001,-0.026,0.003,0.032,-0.002
"292",5.182,-0.711,-0.712,function (object, ...) 
UseMethod("residuals"),0.001,0.012,1.021,-0.077,0.016,-0.028,0.012,-0.024,0.006,-0.009,-0.001,0.022,-0.006
"293",5.931,-0.931,-0.931,function (object, ...) 
UseMethod("residuals"),0,0.004,1.007,-0.061,-0.004,0.011,0.005,-0.001,0,0.011,0.001,-0.017,0.001
"294",5.284,1.549,1.546,function (object, ...) 
UseMethod("residuals"),0.008,0.028,1.003,0.265,-0.159,-0.017,-0.021,0.214,-0.026,0.152,0.008,-0.188,0.024
"295",7.605,0.394,0.395,function (object, ...) 
UseMethod("residuals"),0,0.022,1.039,0.06,0.036,-0.041,-0.018,-0.014,-0.016,-0.022,0.003,0.014,0.016
"296",6.622,0.265,0.266,function (object, ...) 
UseMethod("residuals"),0,0.006,1.023,0.021,0.003,-0.014,-0.002,0.001,0,0.002,-0.001,0,-0.004
"297",5.402,-0.162,-0.162,function (object, ...) 
UseMethod("residuals"),0,0.014,1.033,-0.02,-0.006,-0.005,0.009,0.003,0.008,0.006,-0.005,-0.002,-0.007
"298",4.927,-1.2,-1.2,function (object, ...) 
UseMethod("residuals"),0.002,0.011,1.003,-0.129,0.007,-0.048,0.011,0.007,0.006,0.041,-0.011,-0.05,0.008
"299",5.097,-1.412,-1.41,function (object, ...) 
UseMethod("residuals"),0.001,0.007,0.989,-0.116,0.01,-0.061,0.012,0.008,0.006,0.02,-0.012,-0.029,0.015
"300",6.435,-0.844,-0.845,function (object, ...) 
UseMethod("residuals"),0.001,0.01,1.015,-0.084,-0.008,0.014,0.02,0.001,0.003,-0.033,-0.003,0.03,0.013
"301",5.605,0.285,0.285,function (object, ...) 
UseMethod("residuals"),0.001,0.075,1.099,0.081,-0.019,-0.002,0.008,0.02,0.075,0.018,-0.052,-0.018,-0.059
"302",5.235,-1.527,-1.525,function (object, ...) 
UseMethod("residuals"),0.002,0.008,0.984,-0.141,0.027,-0.063,-0.052,0,-0.01,0.022,0.01,-0.037,0.023
"303",5.775,-0.782,-0.782,function (object, ...) 
UseMethod("residuals"),0,0.006,1.013,-0.062,-0.003,0.007,0.006,0,0.001,0.015,-0.001,-0.02,0.007
"304",6.584,0.785,0.785,function (object, ...) 
UseMethod("residuals"),0.001,0.014,1.021,0.093,0.027,0.001,0.048,-0.02,-0.013,-0.028,-0.009,0.018,0.015
"305",5.85,-1.046,-1.045,function (object, ...) 
UseMethod("residuals"),0.004,0.03,1.03,-0.185,0.108,0.043,-0.017,-0.152,0.013,-0.109,0.007,0.132,-0.014
"306",5.92,-1.184,-1.184,function (object, ...) 
UseMethod("residuals"),0.002,0.01,1.003,-0.12,-0.004,0.029,-0.007,-0.004,-0.003,0.033,0.006,-0.043,0.011
"307",6.476,-0.16,-0.161,function (object, ...) 
UseMethod("residuals"),0,0.006,1.024,-0.012,-0.001,0.003,0,0,0,-0.005,0,0.004,0.001
"308",5.483,-0.355,-0.356,function (object, ...) 
UseMethod("residuals"),0,0.006,1.022,-0.027,0.001,-0.013,0.005,0.002,0.002,-0.005,-0.003,0.004,0.005
"309",5.411,-0.254,-0.254,function (object, ...) 
UseMethod("residuals"),0,0.007,1.025,-0.021,0.002,-0.012,0.003,0.002,0,-0.005,-0.001,0.004,0.002
"310",5.455,0.547,0.548,function (object, ...) 
UseMethod("residuals"),0,0.009,1.022,0.051,-0.004,0.027,-0.004,-0.004,-0.002,0.015,0.004,-0.012,-0.009
"311",5.408,1.356,1.355,function (object, ...) 
UseMethod("residuals"),0.001,0.007,0.991,0.11,-0.008,0.033,0.004,-0.003,0,-0.031,0.002,0.039,0.012
"312",5.252,0.276,0.276,function (object, ...) 
UseMethod("residuals"),0,0.005,1.023,0.021,-0.002,0.013,-0.002,-0.002,-0.001,0.001,0.002,0.001,-0.003
"313",6.326,-0.705,-0.705,function (object, ...) 
UseMethod("residuals"),0,0.005,1.014,-0.049,-0.001,0.005,-0.001,-0.001,0,-0.019,0.001,0.016,0.002
"314",5.241,-0.169,-0.169,function (object, ...) 
UseMethod("residuals"),0,0.006,1.024,-0.013,0.001,-0.008,0.002,0.001,0.001,0,-0.001,-0.001,0.002
"315",6.585,0.401,0.401,function (object, ...) 
UseMethod("residuals"),0,0.006,1.022,0.031,0.003,-0.009,-0.003,0.001,0.001,0.011,-0.002,-0.009,0.004
"316",5.69,1.851,1.847,function (object, ...) 
UseMethod("residuals"),0.006,0.014,0.971,0.223,-0.028,0.097,0.031,-0.007,0.006,0.09,-0.002,-0.079,-0.046
"317",5.686,1.263,1.262,function (object, ...) 
UseMethod("residuals"),0.003,0.019,1.008,0.174,0.015,0.078,0.099,-0.029,-0.018,-0.04,-0.023,0.024,0.024
"318",5.386,1.523,1.521,function (object, ...) 
UseMethod("residuals"),0.001,0.005,0.982,0.113,-0.007,0.06,-0.023,-0.01,-0.008,0.014,0.013,-0.006,-0.018
"319",6.987,-1.337,-1.336,function (object, ...) 
UseMethod("residuals"),0.003,0.016,1.002,-0.172,-0.08,0.018,-0.08,0.065,0.025,0.074,0.012,-0.058,-0.028
"320",5.641,0.568,0.568,function (object, ...) 
UseMethod("residuals"),0,0.009,1.022,0.054,-0.005,0.024,0.002,-0.002,0,0.019,0.002,-0.016,-0.012
"321",5.805,0.391,0.391,function (object, ...) 
UseMethod("residuals"),0,0.007,1.023,0.034,-0.001,0.01,-0.005,-0.002,-0.001,0.012,0.002,-0.01,-0.007
"322",6.379,0.375,0.376,function (object, ...) 
UseMethod("residuals"),0,0.018,1.035,0.051,0.001,0.002,-0.007,-0.001,-0.001,0.023,0.001,-0.022,-0.007
"323",5.865,0.324,0.325,function (object, ...) 
UseMethod("residuals"),0,0.006,1.023,0.025,-0.006,0.006,0.017,0.002,0.004,0.004,-0.005,-0.001,-0.007
"324",6.371,-0.545,-0.545,function (object, ...) 
UseMethod("residuals"),0,0.013,1.026,-0.063,-0.007,0.032,0.002,-0.003,-0.001,0.015,0.003,-0.019,0.005
"325",6.941,0.342,0.342,function (object, ...) 
UseMethod("residuals"),0,0.01,1.027,0.034,0.007,-0.028,-0.006,0.002,0,0.001,-0.001,0.001,-0.004
"326",7.551,0.539,0.539,function (object, ...) 
UseMethod("residuals"),0.001,0.018,1.032,0.073,0.016,-0.066,-0.009,0.006,0.001,0.003,-0.005,0,-0.005
"327",7.461,-0.897,-0.898,function (object, ...) 
UseMethod("residuals"),0.002,0.025,1.03,-0.145,-0.015,0.06,0.01,-0.006,0.032,0.003,-0.039,-0.002,-0.089
"328",6.825,0.949,0.949,function (object, ...) 
UseMethod("residuals"),0.001,0.008,1.01,0.085,0.013,-0.063,0,0.007,0.003,0.005,-0.008,0.002,-0.013
"329",7.074,1.514,1.512,function (object, ...) 
UseMethod("residuals"),0.004,0.017,0.994,0.2,0.105,-0.116,-0.071,-0.039,0.036,-0.062,-0.046,0.037,-0.022
"330",5.685,1.266,1.265,function (object, ...) 
UseMethod("residuals"),0.001,0.008,0.997,0.114,-0.004,0.044,-0.018,-0.007,0.004,0.036,-0.003,-0.032,-0.005
"331",6.79,0.757,0.758,function (object, ...) 
UseMethod("residuals"),0,0.007,1.015,0.066,0.011,-0.039,-0.012,0.003,-0.001,0.019,-0.001,-0.016,-0.012
"332",6.807,-1.778,-1.774,function (object, ...) 
UseMethod("residuals"),0.023,0.061,1.024,-0.453,-0.41,-0.063,0.07,0.415,0.111,0.389,-0.036,-0.362,-0.099
"333",5.517,0.521,0.522,function (object, ...) 
UseMethod("residuals"),0,0.009,1.022,0.048,-0.005,0.026,-0.003,-0.003,0,0.015,0.001,-0.012,-0.003
"334",5.755,-0.356,-0.357,function (object, ...) 
UseMethod("residuals"),0,0.009,1.025,-0.033,0.001,-0.011,0.003,0.002,0.001,-0.012,-0.002,0.01,0.006
"335",5.576,-0.45,-0.45,function (object, ...) 
UseMethod("residuals"),0,0.01,1.025,-0.046,0.003,-0.02,0.004,0.003,0.002,-0.015,-0.003,0.013,0.008
"336",6.38,-0.794,-0.795,function (object, ...) 
UseMethod("residuals"),0,0.006,1.013,-0.06,-0.008,0.019,0.015,0,0.003,-0.018,-0.002,0.015,0.012
"337",5.962,0.505,0.505,function (object, ...) 
UseMethod("residuals"),0,0.003,1.017,0.028,0.002,-0.004,-0.006,0,0,-0.001,-0.001,0.004,-0.001
"338",6.067,-0.692,-0.692,function (object, ...) 
UseMethod("residuals"),0.006,0.095,1.116,-0.225,0.085,0.031,-0.025,-0.095,-0.194,-0.085,0.112,0.083,0.16
"339",5.364,-0.408,-0.409,function (object, ...) 
UseMethod("residuals"),0,0.005,1.021,-0.03,0.002,-0.013,0.003,0.002,-0.002,0.005,0.003,-0.007,-0.004
"340",5.385,-0.519,-0.52,function (object, ...) 
UseMethod("residuals"),0,0.006,1.019,-0.039,0.004,-0.024,0.003,0.003,-0.001,-0.006,0,0.004,0
"341",5.67,0.162,0.162,function (object, ...) 
UseMethod("residuals"),0,0.017,1.035,0.021,0.007,0.006,-0.002,-0.007,0.01,-0.008,-0.007,0.006,-0.008
"342",5.074,-2.157,-2.149,function (object, ...) 
UseMethod("residuals"),0.006,0.011,0.946,-0.231,0.031,-0.089,-0.048,0.004,-0.005,0.064,0.002,-0.084,0.015
"343",8.119,1.122,1.122,function (object, ...) 
UseMethod("residuals"),0.005,0.034,1.03,0.209,0.059,-0.095,0.125,-0.026,-0.004,-0.038,-0.041,0.027,0.016
"344",6.504,0.05,0.05,function (object, ...) 
UseMethod("residuals"),0,0.006,1.024,0.004,0,-0.001,-0.001,0,0,0.001,0,-0.001,0
"345",5.529,-0.072,-0.072,function (object, ...) 
UseMethod("residuals"),0,0.015,1.034,-0.009,-0.002,-0.003,0,0.002,-0.004,0.002,0.002,-0.002,0.003
"346",6.539,0.061,0.061,function (object, ...) 
UseMethod("residuals"),0,0.005,1.023,0.004,0,-0.001,0.001,0,0,0.001,0,-0.001,-0.001
"347",6.107,0.38,0.38,function (object, ...) 
UseMethod("residuals"),0,0.008,1.024,0.034,0,0.003,-0.002,-0.001,0,0.014,0.001,-0.012,-0.007
"348",5.136,-0.801,-0.801,function (object, ...) 
UseMethod("residuals"),0.001,0.014,1.021,-0.096,0.009,-0.03,0.032,-0.022,0.032,-0.003,-0.018,0.021,-0.027
"349",6.959,-0.159,-0.159,function (object, ...) 
UseMethod("residuals"),0,0.009,1.027,-0.015,-0.003,0.009,0.003,-0.001,0,-0.005,0.001,0.005,0
"350",7.849,-1.032,-1.031,function (object, ...) 
UseMethod("residuals"),0.053,0.309,1.445,-0.69,0.12,0.086,-0.043,-0.109,-0.553,-0.131,0.161,0.094,0.501
"351",7.583,-0.029,-0.029,function (object, ...) 
UseMethod("residuals"),0,0.019,1.038,-0.004,-0.001,0.003,-0.001,0,0,0,0.001,0,0
"352",5.468,-0.539,-0.539,function (object, ...) 
UseMethod("residuals"),0,0.008,1.021,-0.049,0.001,-0.009,0.003,0.001,-0.004,0.014,0.005,-0.017,-0.011
"353",7.658,-0.362,-0.363,function (object, ...) 
UseMethod("residuals"),0,0.017,1.033,-0.047,-0.004,0.035,-0.013,-0.006,-0.006,-0.014,0.01,0.011,0.01
"354",5.808,0.884,0.885,function (object, ...) 
UseMethod("residuals"),0.002,0.02,1.024,0.126,-0.006,0.026,0.003,-0.003,0.002,-0.012,-0.001,0.011,0.067
"355",7.449,-1.916,-1.911,function (object, ...) 
UseMethod("residuals"),0.011,0.027,0.979,-0.321,-0.257,0.062,0.037,0.23,-0.069,0.218,0.018,-0.203,0.063
"356",6.097,0.334,0.335,function (object, ...) 
UseMethod("residuals"),0,0.004,1.02,0.021,0.002,-0.004,-0.005,0,-0.001,0.004,0.001,-0.002,-0.004
"357",7.401,-0.238,-0.238,function (object, ...) 
UseMethod("residuals"),0,0.016,1.034,-0.03,-0.008,0.026,0.008,-0.002,0.001,-0.003,0,0.002,0.003
"358",5.411,-1.559,-1.557,function (object, ...) 
UseMethod("residuals"),0.004,0.013,0.987,-0.182,-0.049,-0.054,0.076,0.027,0.07,0.055,-0.038,-0.021,-0.059
"359",5.566,0.314,0.314,function (object, ...) 
UseMethod("residuals"),0,0.006,1.023,0.025,0.002,0,-0.006,-0.001,-0.001,-0.007,0.002,0.009,-0.001
"360",5.553,0.956,0.956,function (object, ...) 
UseMethod("residuals"),0.001,0.014,1.016,0.113,-0.006,0.048,-0.017,-0.008,-0.006,0.039,0.01,-0.035,-0.018
"361",5.182,-1.94,-1.934,function (object, ...) 
UseMethod("residuals"),0.003,0.007,0.957,-0.163,0.01,-0.065,0.013,0.009,0.001,0.045,-0.005,-0.057,0
"362",7.373,-1.642,-1.639,function (object, ...) 
UseMethod("residuals"),0.004,0.013,0.983,-0.191,-0.033,0.141,0.011,-0.014,-0.006,-0.058,0.015,0.049,0.032
"363",7.231,1.451,1.45,function (object, ...) 
UseMethod("residuals"),0.005,0.022,1.002,0.218,0.058,-0.046,0.14,-0.036,-0.011,-0.05,-0.044,0.035,0.023
"364",6.072,0.183,0.183,function (object, ...) 
UseMethod("residuals"),0,0.005,1.023,0.013,0.001,-0.005,-0.002,0,0,-0.002,0,0.003,-0.002
"365",6.711,-0.622,-0.622,function (object, ...) 
UseMethod("residuals"),0,0.008,1.019,-0.054,-0.006,0.037,-0.007,-0.005,-0.004,-0.001,0.007,-0.004,0.009
"366",6.087,0.348,0.348,function (object, ...) 
UseMethod("residuals"),0,0.003,1.019,0.02,0.002,-0.004,-0.006,0,0.001,0.002,-0.001,-0.001,0
"367",6.03,-1.6,-1.597,function (object, ...) 
UseMethod("residuals"),0.007,0.026,0.997,-0.259,-0.168,-0.097,-0.036,0.186,0.056,0.182,-0.004,-0.16,-0.054
"368",5.521,3.039,3.014,function (object, ...) 
UseMethod("residuals"),0.006,0.006,0.866,0.237,-0.002,0.028,-0.016,-0.005,-0.005,-0.06,0.008,0.082,-0.022
"369",6.784,-0.822,-0.822,function (object, ...) 
UseMethod("residuals"),0.001,0.009,1.015,-0.077,-0.013,0.057,0.004,-0.006,-0.002,0,0.006,-0.006,0.011
"370",5.755,0.044,0.045,function (object, ...) 
UseMethod("residuals"),0,0.017,1.036,0.006,-0.003,0.001,0.001,0.003,0.002,0.002,0,-0.003,-0.002
"371",5.838,0.408,0.409,function (object, ...) 
UseMethod("residuals"),0,0.004,1.019,0.025,0.001,0.003,-0.006,-0.001,-0.001,0.005,0.002,-0.003,-0.005
"372",6.626,1.055,1.054,function (object, ...) 
UseMethod("residuals"),0.001,0.01,1.008,0.103,0.006,-0.024,-0.003,0.002,0.001,0.046,-0.003,-0.041,-0.019
"373",5.105,-0.07,-0.07,function (object, ...) 
UseMethod("residuals"),0,0.008,1.026,-0.006,0.001,-0.003,0,0,0,0.001,0,-0.002,0.001
"374",8.4,-0.451,-0.452,function (object, ...) 
UseMethod("residuals"),0.011,0.32,1.491,-0.309,0.024,-0.023,-0.299,0.014,-0.062,0.002,0.105,-0.014,0.032
"375",7.134,2.413,2.401,function (object, ...) 
UseMethod("residuals"),0.008,0.013,0.928,0.275,0.086,-0.16,0.012,0.008,-0.041,-0.039,-0.009,-0.002,0.044
"376",5.823,-0.041,-0.041,function (object, ...) 
UseMethod("residuals"),0,0.003,1.022,-0.002,0,0,0,0,0,0,0,0,0.001
"377",7.698,1.163,1.162,function (object, ...) 
UseMethod("residuals"),0.004,0.024,1.018,0.182,0.117,-0.049,0.069,-0.096,-0.028,-0.099,-0.003,0.087,0.028
"378",5.622,-0.233,-0.233,function (object, ...) 
UseMethod("residuals"),0,0.005,1.023,-0.017,0.001,-0.008,0.002,0.001,0,-0.004,-0.001,0.003,0.002
"379",5.976,-1.858,-1.854,function (object, ...) 
UseMethod("residuals"),0.008,0.019,0.975,-0.262,0.038,-0.116,-0.051,0.006,0.029,-0.098,-0.045,0.092,-0.036
"380",6.387,-0.803,-0.803,function (object, ...) 
UseMethod("residuals"),0,0.005,1.011,-0.054,-0.009,0.026,0.012,-0.001,0.002,-0.01,-0.001,0.006,0.011
"381",6.943,-0.138,-0.138,function (object, ...) 
UseMethod("residuals"),0,0.007,1.025,-0.011,-0.002,0.008,0.001,-0.001,0,-0.002,0.001,0.002,-0.001
"382",5.347,0.682,0.683,function (object, ...) 
UseMethod("residuals"),0,0.005,1.015,0.05,-0.009,0.033,0.008,-0.003,-0.001,0,0.003,0.004,0.004
"383",6.3,-0.63,-0.631,function (object, ...) 
UseMethod("residuals"),0,0.007,1.018,-0.053,-0.005,0.009,0.014,0.001,0.003,-0.019,-0.003,0.016,0.01
"384",5.694,0.589,0.59,function (object, ...) 
UseMethod("residuals"),0,0.004,1.016,0.035,-0.001,0.008,-0.003,-0.001,-0.001,0.002,0.002,0.002,-0.008
"385",6.111,-1.152,-1.152,function (object, ...) 
UseMethod("residuals"),0.002,0.016,1.01,-0.148,0,-0.023,0.019,0.005,0.004,-0.062,-0.007,0.059,0.023
"386",6.212,0.204,0.204,function (object, ...) 
UseMethod("residuals"),0,0.046,1.067,0.045,-0.018,0.004,0.038,0.017,0.004,0.013,-0.011,-0.015,-0.001
"387",5.979,0,0,function (object, ...) 
UseMethod("residuals"),0,0.019,1.038,0,0,0,0,0,0,0,0,0,0
"388",7.011,-0.417,-0.417,function (object, ...) 
UseMethod("residuals"),0,0.024,1.04,-0.065,-0.005,0.021,0.004,-0.002,-0.003,-0.001,0.005,0.002,-0.033
"389",4.718,-0.126,-0.126,function (object, ...) 
UseMethod("residuals"),0,0.022,1.041,-0.019,0,-0.005,0.002,0.001,0.001,0.007,-0.001,-0.008,0
"390",8.657,0.746,0.747,function (object, ...) 
UseMethod("residuals"),0.01,0.135,1.166,0.295,-0.001,-0.028,0.025,0.009,-0.185,0.002,0.246,-0.002,0.158
"391",9.038,0.152,0.153,function (object, ...) 
UseMethod("residuals"),0.002,0.475,1.941,0.145,-0.016,0.003,-0.016,0.019,-0.063,0.014,0.13,-0.016,0.025
"392",6.148,0.146,0.146,function (object, ...) 
UseMethod("residuals"),0,0.005,1.024,0.011,0.001,-0.004,-0.002,0,0,-0.001,0,0.002,-0.002
"393",6.502,-0.535,-0.535,function (object, ...) 
UseMethod("residuals"),0,0.005,1.018,-0.038,-0.005,0.021,0.004,-0.002,0,-0.006,0.002,0.003,0.008
"394",7.42,-0.66,-0.661,function (object, ...) 
UseMethod("residuals"),0.001,0.015,1.025,-0.08,-0.016,0.061,0.013,-0.005,0,-0.022,0.004,0.02,0.011
"395",5.487,-0.815,-0.815,function (object, ...) 
UseMethod("residuals"),0.001,0.02,1.026,-0.116,0.04,0.011,0.038,-0.07,0.027,-0.042,-0.014,0.062,-0.022
"396",6.562,-0.269,-0.269,function (object, ...) 
UseMethod("residuals"),0,0.006,1.024,-0.021,-0.004,0.011,0.007,0,0.001,-0.006,0,0.004,0.003
"397",7.505,0.484,0.484,function (object, ...) 
UseMethod("residuals"),0.001,0.027,1.042,0.08,0.069,-0.036,-0.029,-0.047,-0.025,-0.052,0.007,0.042,0.023
"398",5.571,-0.443,-0.443,function (object, ...) 
UseMethod("residuals"),0,0.007,1.022,-0.037,0.006,-0.022,-0.004,0.002,0.001,-0.008,-0.002,0.006,-0.006
"399",5.242,-0.029,-0.029,function (object, ...) 
UseMethod("residuals"),0,0.005,1.024,-0.002,0,-0.001,0,0,0,0,0,0,0
"400",5.229,-1.323,-1.322,function (object, ...) 
UseMethod("residuals"),0.001,0.005,0.992,-0.096,0.009,-0.059,0.014,0.008,0.004,0.002,-0.008,-0.009,0.01
"401",5.521,-0.118,-0.118,function (object, ...) 
UseMethod("residuals"),0,0.01,1.028,-0.012,0,0,0.001,0,0,0.004,0,-0.005,0.001
"402",6.421,-1.331,-1.33,function (object, ...) 
UseMethod("residuals"),0.002,0.008,0.994,-0.117,-0.004,0.009,0.006,0,-0.005,-0.034,0.007,0.032,-0.031
"403",5.502,0.663,0.663,function (object, ...) 
UseMethod("residuals"),0,0.009,1.02,0.065,0.002,0,-0.009,-0.001,-0.001,-0.022,0.001,0.027,0
"404",6.31,-0.186,-0.186,function (object, ...) 
UseMethod("residuals"),0,0.011,1.029,-0.02,0,-0.001,0.001,0,0,-0.009,0,0.008,0.002
"405",5.583,-0.39,-0.39,function (object, ...) 
UseMethod("residuals"),0,0.012,1.028,-0.043,0.005,-0.021,-0.004,0.002,0,-0.016,-0.001,0.014,0.009
"406",5.598,-0.203,-0.203,function (object, ...) 
UseMethod("residuals"),0,0.004,1.022,-0.013,0.002,-0.005,-0.002,0,0,-0.002,0,0,0.003
"407",5.073,0.813,0.813,function (object, ...) 
UseMethod("residuals"),0.001,0.019,1.026,0.114,-0.047,0.013,-0.033,0.069,-0.02,0.042,0.011,-0.061,0.017
"408",6.072,-1.143,-1.142,function (object, ...) 
UseMethod("residuals"),0.001,0.004,0.998,-0.068,-0.001,0.006,-0.001,-0.001,-0.001,-0.015,0.002,0.008,0.019
"409",4.91,-0.474,-0.474,function (object, ...) 
UseMethod("residuals"),0,0.012,1.026,-0.051,0.002,-0.019,0.008,0.003,0.003,0.017,-0.005,-0.02,0.003
"410",5.78,0.312,0.313,function (object, ...) 
UseMethod("residuals"),0,0.008,1.025,0.028,0.001,-0.002,-0.003,0,0.003,-0.008,-0.004,0.009,0.006
"411",5.807,-0.053,-0.053,function (object, ...) 
UseMethod("residuals"),0,0.003,1.022,-0.003,0,-0.001,0,0,0,0,0,0,0.001
"412",7.348,-0.86,-0.86,function (object, ...) 
UseMethod("residuals"),0.001,0.018,1.023,-0.115,0.012,0.044,-0.082,-0.016,-0.001,-0.024,0.003,0.014,0.003
"413",6.359,-0.24,-0.241,function (object, ...) 
UseMethod("residuals"),0,0.034,1.053,-0.045,0,0.002,0,0,-0.009,-0.001,0.012,0.001,-0.019
"414",5.555,-1.315,-1.314,function (object, ...) 
UseMethod("residuals"),0.002,0.009,0.996,-0.128,0.011,-0.063,0.009,0.009,-0.008,-0.037,0.007,0.033,-0.003
"415",4.764,0.051,0.051,function (object, ...) 
UseMethod("residuals"),0,0.035,1.056,0.01,-0.007,0.001,0,0.007,0.004,0.006,-0.003,-0.007,-0.003
"416",6.413,-1.244,-1.244,function (object, ...) 
UseMethod("residuals"),0.005,0.029,1.02,-0.216,-0.069,-0.087,-0.033,0.094,0.03,0.089,-0.102,-0.081,0.001
"417",6.779,-0.298,-0.298,function (object, ...) 
UseMethod("residuals"),0,0.019,1.036,-0.041,-0.004,0.008,0.008,0,0.001,-0.018,0,0.017,0.005
"418",5.971,0.241,0.241,function (object, ...) 
UseMethod("residuals"),0,0.003,1.021,0.013,0.001,-0.002,-0.003,0,0,0,0,0.001,-0.001
"419",6.113,1.309,1.308,function (object, ...) 
UseMethod("residuals"),0.001,0.007,0.994,0.112,-0.013,0.032,0.023,0,-0.006,0.044,0.009,-0.038,0.008
"420",5.133,1.517,1.515,function (object, ...) 
UseMethod("residuals"),0.003,0.013,0.989,0.172,-0.026,0.073,0.042,-0.002,-0.009,-0.049,0.016,0.062,0.023
"421",6.677,1.112,1.112,function (object, ...) 
UseMethod("residuals"),0.001,0.01,1.005,0.109,0.022,-0.078,-0.022,0.006,-0.002,-0.01,-0.002,0.016,-0.011
"422",5.957,-0.52,-0.52,function (object, ...) 
UseMethod("residuals"),0,0.004,1.018,-0.033,-0.002,-0.001,0.007,0.001,0.002,-0.008,-0.002,0.005,0.008
"423",5.615,0.835,0.836,function (object, ...) 
UseMethod("residuals"),0,0.006,1.012,0.067,0.004,-0.001,-0.015,-0.002,-0.004,-0.017,0.005,0.023,-0.006
"424",5.938,-0.78,-0.78,function (object, ...) 
UseMethod("residuals"),0.001,0.011,1.018,-0.081,-0.009,0.026,0.015,-0.001,0.003,0.024,-0.003,-0.03,0.005
"425",5.11,0.481,0.482,function (object, ...) 
UseMethod("residuals"),0.001,0.02,1.035,0.069,-0.001,0.006,-0.002,-0.001,-0.001,-0.027,0.002,0.031,-0.001
"426",5.154,-0.78,-0.78,function (object, ...) 
UseMethod("residuals"),0,0.006,1.013,-0.06,0.006,-0.034,0.006,0.005,0.003,0.006,-0.006,-0.011,0.009
"427",7.171,0.83,0.831,function (object, ...) 
UseMethod("residuals"),0.001,0.011,1.016,0.086,0.019,-0.074,-0.014,0.006,0.001,0.007,-0.005,-0.003,-0.002
"428",7.044,2.316,2.305,function (object, ...) 
UseMethod("residuals"),0.006,0.009,0.932,0.225,0.046,-0.182,-0.028,0.017,0.003,0.03,-0.014,-0.018,-0.03
"429",7.851,-0.793,-0.794,function (object, ...) 
UseMethod("residuals"),0.002,0.023,1.03,-0.121,-0.046,0.082,-0.025,0.009,0.015,0.023,0.016,-0.01,-0.02
"430",5.182,-0.084,-0.084,function (object, ...) 
UseMethod("residuals"),0,0.005,1.024,-0.006,0,-0.004,0.001,0.001,0,0,-0.001,-0.001,0.001
"431",6.786,0.203,0.203,function (object, ...) 
UseMethod("residuals"),0,0.023,1.042,0.031,0.027,-0.005,-0.013,-0.021,-0.011,-0.023,0.005,0.018,0.01
"432",5.357,-0.352,-0.352,function (object, ...) 
UseMethod("residuals"),0,0.01,1.027,-0.036,-0.002,-0.015,0.006,0,0.006,0.006,-0.002,0.001,-0.005
"433",5.4,1.423,1.421,function (object, ...) 
UseMethod("residuals"),0.002,0.007,0.989,0.123,-0.013,0.07,-0.006,-0.009,-0.004,0.03,0.009,-0.022,-0.024
"434",7.349,-0.172,-0.172,function (object, ...) 
UseMethod("residuals"),0,0.013,1.031,-0.019,-0.003,0.016,-0.003,-0.002,-0.002,-0.003,0.003,0.002,0.003
"435",5.298,-2.447,-2.435,function (object, ...) 
UseMethod("residuals"),0.009,0.013,0.925,-0.279,0.036,-0.096,-0.06,0.002,0.025,0.083,-0.039,-0.101,-0.064
"436",5.858,-0.397,-0.397,function (object, ...) 
UseMethod("residuals"),0,0.005,1.021,-0.029,0,-0.006,0.004,0.001,0.001,-0.009,-0.002,0.007,0.007
"437",4.983,0.072,0.072,function (object, ...) 
UseMethod("residuals"),0,0.041,1.062,0.015,-0.01,0.003,0.008,0.011,0.001,0.008,-0.002,-0.009,0
"438",6.054,0.238,0.238,function (object, ...) 
UseMethod("residuals"),0,0.033,1.052,0.044,0.033,0.015,-0.001,-0.035,-0.011,-0.034,0.003,0.03,0.01
"439",6.491,-0.179,-0.179,function (object, ...) 
UseMethod("residuals"),0,0.006,1.024,-0.014,-0.003,0.008,0.005,0,0.001,-0.002,-0.001,0.001,0.002
"440",6.712,1.21,1.21,function (object, ...) 
UseMethod("residuals"),0.001,0.005,0.997,0.087,0.014,-0.059,-0.007,0.006,0.001,0.011,-0.004,-0.006,0.005
"441",5.947,-0.697,-0.698,function (object, ...) 
UseMethod("residuals"),0,0.004,1.013,-0.042,-0.004,0.008,0.008,0,0.001,0.004,0,-0.008,0.004
"442",6.029,-0.876,-0.876,function (object, ...) 
UseMethod("residuals"),0.002,0.02,1.024,-0.124,0.043,-0.024,-0.083,-0.043,0.008,-0.028,0.001,0.038,-0.008
"443",7.097,-0.077,-0.077,function (object, ...) 
UseMethod("residuals"),0,0.012,1.03,-0.008,-0.002,0.007,0.002,0,0,-0.001,0,0,0.001
"444",7.434,-0.255,-0.255,function (object, ...) 
UseMethod("residuals"),0,0.018,1.036,-0.035,-0.022,0.015,-0.006,0.014,0.007,0.017,0.003,-0.013,-0.008
"445",5.05,-0.311,-0.311,function (object, ...) 
UseMethod("residuals"),0,0.011,1.028,-0.032,0.002,-0.011,0,0.001,0.001,0.01,-0.002,-0.013,0.003
"446",6.144,1.196,1.195,function (object, ...) 
UseMethod("residuals"),0.051,0.241,1.308,0.675,-0.019,0.05,0.032,-0.002,0.085,-0.065,-0.111,0.045,0.346
"447",7.186,0.259,0.259,function (object, ...) 
UseMethod("residuals"),0,0.017,1.034,0.034,0.004,-0.013,-0.004,0.001,0.002,0.013,-0.003,-0.013,0.003
"448",5.814,0.096,0.096,function (object, ...) 
UseMethod("residuals"),0,0.028,1.048,0.016,0.012,0.005,-0.005,-0.012,-0.006,-0.012,0.003,0.01,0.005
"449",4.959,0.768,0.769,function (object, ...) 
UseMethod("residuals"),0.001,0.011,1.019,0.081,-0.006,0.032,-0.002,-0.004,-0.001,-0.027,0.003,0.032,-0.001
"450",5.093,-1.825,-1.821,function (object, ...) 
UseMethod("residuals"),0.002,0.007,0.965,-0.148,0.009,-0.076,0.028,0.012,0.008,0.029,-0.014,-0.04,0.011
"451",6.334,2.599,2.584,function (object, ...) 
UseMethod("residuals"),0.023,0.03,0.928,0.456,0.177,0.174,0.247,-0.235,-0.062,-0.224,0.011,0.203,0.057
"452",6.331,0.296,0.296,function (object, ...) 
UseMethod("residuals"),0,0.009,1.027,0.029,0.005,-0.016,-0.008,0.001,-0.001,-0.006,0.001,0.007,-0.002
"453",5.824,0.426,0.426,function (object, ...) 
UseMethod("residuals"),0,0.003,1.019,0.025,-0.001,0.004,0,-0.001,0,0.004,0,-0.001,-0.006
"454",4.936,2.342,2.331,function (object, ...) 
UseMethod("residuals"),0.012,0.019,0.939,0.325,-0.184,0.078,-0.017,0.215,0.061,0.15,-0.042,-0.192,-0.048
"455",5.968,0.355,0.356,function (object, ...) 
UseMethod("residuals"),0,0.018,1.034,0.048,0.033,0.008,-0.018,-0.028,-0.018,-0.031,0.009,0.024,0.016
"456",6.303,0.302,0.302,function (object, ...) 
UseMethod("residuals"),0,0.004,1.021,0.02,0.003,-0.007,-0.006,0,0,0.005,0,-0.003,-0.002
"457",6.65,-1.199,-1.198,function (object, ...) 
UseMethod("residuals"),0.001,0.006,0.998,-0.092,-0.017,0.06,0.018,-0.004,0.001,-0.015,0.002,0.009,0.014
"458",6.068,0.394,0.394,function (object, ...) 
UseMethod("residuals"),0,0.022,1.039,0.059,-0.006,0.023,0.004,-0.002,-0.01,0.015,0.014,-0.015,0.025
"459",8.173,0.869,0.87,function (object, ...) 
UseMethod("residuals"),0.002,0.027,1.033,0.146,0.09,-0.058,0.049,-0.068,-0.025,-0.071,0.014,0.062,0.021
"460",6.357,0.496,0.496,function (object, ...) 
UseMethod("residuals"),0.001,0.026,1.041,0.082,0.011,-0.04,-0.009,0.003,-0.001,-0.026,-0.001,0.03,-0.001
"461",5.261,-0.03,-0.03,function (object, ...) 
UseMethod("residuals"),0,0.006,1.024,-0.002,0,-0.001,0,0,0,0,0,0,0
"462",6.12,-0.726,-0.726,function (object, ...) 
UseMethod("residuals"),0,0.004,1.013,-0.048,0,-0.003,0.002,0.001,-0.001,-0.017,0.001,0.014,0.003
"463",5.724,0.747,0.747,function (object, ...) 
UseMethod("residuals"),0,0.005,1.014,0.055,-0.006,0.023,0.005,-0.002,0.001,0.017,0.001,-0.013,-0.01
"464",5.468,2.261,2.251,function (object, ...) 
UseMethod("residuals"),0.002,0.004,0.932,0.148,-0.019,0.077,0.01,-0.007,0,-0.01,0.004,0.023,0.016
"465",6.905,-0.326,-0.326,function (object, ...) 
UseMethod("residuals"),0,0.007,1.024,-0.028,-0.003,0.015,0,-0.002,0,-0.01,0.001,0.009,0.001
"466",7.674,0.543,0.544,function (object, ...) 
UseMethod("residuals"),0.001,0.018,1.032,0.074,0.043,-0.052,-0.01,-0.016,-0.008,-0.025,-0.002,0.016,0.009
"467",7.541,0.575,0.576,function (object, ...) 
UseMethod("residuals"),0.001,0.02,1.033,0.082,0,-0.029,0.023,0.007,-0.033,0.007,0.043,-0.004,0.036
"468",5.696,-0.601,-0.601,function (object, ...) 
UseMethod("residuals"),0,0.008,1.02,-0.055,0.006,-0.026,-0.002,0.003,0,-0.019,-0.001,0.016,0.001
"469",6.662,-0.02,-0.02,function (object, ...) 
UseMethod("residuals"),0,0.006,1.025,-0.002,0,0.001,0.001,0,0,0,0,0,0
"470",6.347,-0.732,-0.733,function (object, ...) 
UseMethod("residuals"),0,0.008,1.017,-0.065,-0.003,0.004,0.008,0.001,-0.001,-0.027,0.002,0.024,0.005
"471",5.242,0.345,0.345,function (object, ...) 
UseMethod("residuals"),0,0.007,1.023,0.029,-0.002,0.011,0,-0.001,0,-0.008,0.001,0.01,0
"472",5.663,1.079,1.079,function (object, ...) 
UseMethod("residuals"),0,0.004,1.001,0.067,-0.005,0.023,0,-0.003,-0.001,0.01,0.002,-0.003,-0.017
"473",5.474,0.687,0.688,function (object, ...) 
UseMethod("residuals"),0.001,0.01,1.02,0.068,-0.005,0.034,-0.007,-0.005,-0.003,0.021,0.006,-0.017,-0.012
"474",4.91,0.212,0.212,function (object, ...) 
UseMethod("residuals"),0,0.02,1.039,0.03,-0.013,0.006,-0.007,0.018,-0.008,0.011,0.004,-0.016,0.006
"475",5.395,-0.659,-0.659,function (object, ...) 
UseMethod("residuals"),0.001,0.013,1.024,-0.077,-0.024,-0.028,0.026,0.018,0.027,0.028,-0.013,-0.015,-0.023
"476",5.881,0.304,0.304,function (object, ...) 
UseMethod("residuals"),0,0.003,1.02,0.018,0,-0.001,-0.001,0,0,0,0,0.002,-0.003
"477",5.619,-1.763,-1.759,function (object, ...) 
UseMethod("residuals"),0.004,0.011,0.973,-0.185,0.015,-0.082,0.008,0.01,0.003,-0.066,-0.008,0.058,0.028
"478",8.005,-1.04,-1.04,function (object, ...) 
UseMethod("residuals"),0.003,0.023,1.022,-0.158,-0.11,0.091,-0.014,0.07,0.024,0.079,0.002,-0.064,-0.024
"479",6.058,0.26,0.26,function (object, ...) 
UseMethod("residuals"),0,0.011,1.029,0.027,0.003,-0.01,-0.002,0.001,0,-0.008,0,0.009,-0.002
"480",7.072,0.402,0.402,function (object, ...) 
UseMethod("residuals"),0,0.01,1.026,0.041,0.003,-0.016,0,0.002,-0.005,0.011,0.006,-0.011,0.015
"481",5.964,-0.668,-0.669,function (object, ...) 
UseMethod("residuals"),0.001,0.021,1.032,-0.099,0.003,-0.025,0.01,0.004,0.003,-0.041,-0.005,0.039,0.014
"482",5.096,-1.83,-1.825,function (object, ...) 
UseMethod("residuals"),0.003,0.007,0.965,-0.159,0.013,-0.072,0.008,0.009,0.004,0.041,-0.009,-0.053,0.009
"483",7.751,0.859,0.859,function (object, ...) 
UseMethod("residuals"),0.003,0.03,1.035,0.15,-0.013,-0.073,0.108,0.023,0.032,0.035,-0.046,-0.022,-0.032
"484",7.148,-0.55,-0.55,function (object, ...) 
UseMethod("residuals"),0,0.01,1.023,-0.056,-0.008,0.045,-0.007,-0.006,-0.002,-0.004,0.005,0,0.003
"485",4.325,0.434,0.434,function (object, ...) 
UseMethod("residuals"),0.001,0.062,1.082,0.111,-0.087,0.01,0.002,0.1,-0.005,0.077,0.003,-0.088,0.004
"486",5.632,0.282,0.283,function (object, ...) 
UseMethod("residuals"),0,0.006,1.024,0.023,-0.001,0.01,-0.003,-0.001,-0.001,0.007,0.001,-0.005,-0.004
"487",5.397,0.128,0.129,function (object, ...) 
UseMethod("residuals"),0,0.007,1.025,0.01,-0.001,0.006,0.001,-0.001,0,0.002,0,-0.002,-0.002
"488",5.492,0.227,0.227,function (object, ...) 
UseMethod("residuals"),0,0.013,1.031,0.026,0.009,0.01,-0.005,-0.008,-0.009,-0.011,0.004,0.006,0.008
"489",5.356,-1.116,-1.116,function (object, ...) 
UseMethod("residuals"),0.001,0.007,1.002,-0.091,0.006,-0.05,0.017,0.008,0.006,-0.016,-0.011,0.01,0.016
"490",5.222,-1.314,-1.313,function (object, ...) 
UseMethod("residuals"),0.001,0.006,0.992,-0.098,0.01,-0.06,0.009,0.008,0.005,0,-0.01,-0.008,0.017
"491",5.144,-0.428,-0.428,function (object, ...) 
UseMethod("residuals"),0,0.006,1.021,-0.033,0.003,-0.019,0.005,0.003,0.002,0.004,-0.004,-0.006,0.004
"492",5.896,0.335,0.335,function (object, ...) 
UseMethod("residuals"),0,0.007,1.024,0.028,0,0.005,-0.005,-0.001,-0.001,0.009,0.002,-0.008,-0.006
"493",5.845,0.585,0.585,function (object, ...) 
UseMethod("residuals"),0,0.004,1.017,0.039,0.001,0.006,-0.008,-0.002,-0.002,0.009,0.003,-0.006,-0.009
"494",7.597,-0.707,-0.707,function (object, ...) 
UseMethod("residuals"),0.002,0.032,1.042,-0.128,-0.117,0.051,0.044,0.089,0.011,0.091,0.005,-0.079,-0.013
"495",6.767,0.451,0.451,function (object, ...) 
UseMethod("residuals"),0,0.009,1.024,0.043,0.006,-0.018,-0.01,0.001,0.003,0.015,-0.004,-0.014,0
"496",5.484,0.511,0.512,function (object, ...) 
UseMethod("residuals"),0,0.011,1.025,0.054,-0.003,0.025,-0.009,-0.004,-0.003,0.016,0.006,-0.014,-0.009
"497",5.593,0.567,0.567,function (object, ...) 
UseMethod("residuals"),0,0.004,1.016,0.035,-0.004,0.016,0.003,-0.001,0,0.005,0.001,-0.001,-0.007
"498",7.223,0.352,0.352,function (object, ...) 
UseMethod("residuals"),0,0.018,1.035,0.048,0.009,-0.04,-0.004,0.004,0.001,-0.005,-0.003,0.007,-0.003
"499",5.679,-0.488,-0.488,function (object, ...) 
UseMethod("residuals"),0.002,0.061,1.08,-0.124,0.037,-0.034,-0.116,-0.011,-0.031,-0.009,0.039,-0.002,0.026
"500",5.475,-0.313,-0.313,function (object, ...) 
UseMethod("residuals"),0.002,0.163,1.214,-0.138,0.006,-0.017,-0.02,0.007,-0.13,0,0.084,-0.006,0.104
